-- phpMyAdmin SQL Dump
-- version 4.5.1
-- http://www.phpmyadmin.net
--
-- Host: 127.0.0.1
-- Generation Time: 24 Mei 2016 pada 03.46
-- Versi Server: 10.1.10-MariaDB
-- PHP Version: 7.0.4

SET SQL_MODE = "NO_AUTO_VALUE_ON_ZERO";
SET time_zone = "+00:00";


/*!40101 SET @OLD_CHARACTER_SET_CLIENT=@@CHARACTER_SET_CLIENT */;
/*!40101 SET @OLD_CHARACTER_SET_RESULTS=@@CHARACTER_SET_RESULTS */;
/*!40101 SET @OLD_COLLATION_CONNECTION=@@COLLATION_CONNECTION */;
/*!40101 SET NAMES utf8mb4 */;

--
-- Database: `db_persediaan`
--

-- --------------------------------------------------------

--
-- Struktur dari tabel `barang`
--

CREATE TABLE `barang` (
  `x` int(15) UNSIGNED NOT NULL,
  `kodebrg` varchar(7) NOT NULL,
  `brg` varchar(100) NOT NULL,
  `satuan` varchar(10) NOT NULL,
  `harga` double NOT NULL,
  `statusx` varchar(1) NOT NULL,
  `masuk` int(10) NOT NULL,
  `keluar` int(10) NOT NULL,
  `sisa` int(10) NOT NULL,
  `batasmin` int(4) NOT NULL
) ENGINE=MyISAM DEFAULT CHARSET=utf8;

--
-- Dumping data untuk tabel `barang`
--

INSERT INTO `barang` (`x`, `kodebrg`, `brg`, `satuan`, `harga`, `statusx`, `masuk`, `keluar`, `sisa`, `batasmin`) VALUES
(1, 'ATK0001', 'Amplop Coklat 80gr 1/2 polio', 'pack', 24500, '1', 3, 1, 3, 0),
(2, 'ATK0002', 'Amplop Coklat 80gr A4', 'pack', 26000, '1', 12, 3, 9, 0),
(3, 'ATK0003', 'Amplop Coklat 80gr F4', 'pack', 30000, '1', 1, 0, 1, 0),
(4, 'ATK0004', 'Amplop Coklat 80gr Map', 'pack', 55000, '1', 3, 5, 10, 0),
(5, 'ATK0005', 'Amplop Coklat 80gr 110x230', 'pack', 0, '1', 3, 1, 2, 0),
(6, 'ATK0006', 'Ballpoint Standart AE9 Biru', 'Pcs', 1500, '1', 4, 0, 4, 0),
(7, 'ATK0007', 'Ballpoint Faster C6 Hitam', 'Pcs', 2000, '1', 11, 3, 8, 0),
(8, 'ATK0008', 'Ballpoint Snowman V5 Biru', 'Pcs', 1700, '1', 5, 3, 4, 0),
(9, 'ATK0009', 'Ballpoint Snowman V5 Hitam', 'Pcs', 1850, '1', 4, 1, 3, 0),
(10, 'ATK0010', 'Ballpoint Snowman V6 Merah', 'Pcs', 1700, '1', 6, 3, 3, 0),
(11, 'ATK0011', 'Ballpoint  Boxi UB-105 Ball Hitam', 'Pcs', 5200, '1', 9, 3, 6, 0),
(12, 'ATK0012', 'Ballpoint  Boxi UB-105 Ball Biru', 'Pcs', 5200, '1', 11, 0, 11, 0),
(13, 'ATK0013', 'Battrey AA Alkalin', 'Pcs', 3750, '1', 7, 0, 7, 0),
(14, 'ATK0014', 'Battrey AAA Alkalin', 'Pcs', 3750, '1', 4, 0, 4, 0),
(15, 'ATK0015', 'Battrey ABC Besar', 'Pcs', 5500, '1', 6, 0, 6, 0),
(16, 'ATK0016', 'Battrey Kotak 9v Energizer', 'Pcs', 0, '1', 1, 0, 1, 0),
(17, 'ATK0017', 'Battrey 23AE 12v GP', 'Pcs', 14500, '1', 5, 0, 5, 0),
(18, 'ATK0018', 'Binder Clip No.105', 'pack', 2000, '1', 14, 0, 14, 0),
(19, 'ATK0019', 'Binder Clip No.111', 'pack', 2000, '1', 14, 0, 14, 0),
(20, 'ATK0020', 'Binder Clip No.200', 'pack', 2500, '1', 1, 0, 1, 0),
(21, 'ATK0021', 'Binder Clip No.260', 'pack', 2500, '1', 12, 0, 12, 0),
(22, 'ATK0022', 'Bag Folder Plastik Sika', 'Pcs', 0, '1', 9, 2, 9, 0),
(23, 'ATK0023', 'Box File Bindex Biru', 'Pcs', 15000, '1', 33, 2, 31, 0),
(24, 'ATK0024', 'Buku Tulis kecil Bintang Obor', 'Pcs', 2000, '1', 2, 0, 2, 0),
(25, 'ATK0025', 'Buku Tulis Campus sedang Bintang Obor', 'Pcs', 2750, '1', 4, 2, 4, 0),
(26, 'ATK0026', 'Buku Tulis Tebal kecil Bintang Obor', 'Pcs', 6500, '1', 3, 0, 3, 0),
(27, 'ATK0027', 'Buku Tulis Tebal panjang Bintang Obor', 'Pcs', 5500, '1', 4, 0, 4, 0),
(28, 'ATK0028', 'Buku Tulis Tebal besar polio', 'Pcs', 11500, '1', 4, 0, 4, 0),
(29, 'ATK0029', 'Buku Kas kecil', 'Pcs', 10000, '1', 1, 0, 1, 0),
(30, 'ATK0030', 'Computer File 3400 biru Bambi', 'Pcs', 45000, '1', 8, 0, 8, 0),
(31, 'ATK0031', 'Cartridge HP laser jet  85A toner Black', 'pack', 750000, '1', 2, 0, 2, 0),
(32, 'ATK0032', 'Cartridge HP 21 Black', 'Pcs', 188000, '1', 2, 0, 2, 0),
(33, 'ATK0033', 'Cartridge HP 46 Black', 'Pcs', 90000, '1', 3, 0, 3, 0),
(34, 'ATK0034', 'Cartridge HP 74 Black', 'Pcs', 177000, '1', 3, 1, 4, 0),
(35, 'ATK0035', 'Cartridge HP 75 Colour', 'Pcs', 200000, '1', 2, 0, 2, 0),
(36, 'ATK0036', 'Cartridge HP 93 Colour', 'Pcs', 170000, '1', 1, 0, 1, 0),
(37, 'ATK0037', 'Cartridge HP 704 Black', 'Pcs', 90000, '1', 1, 0, 1, 0),
(38, 'ATK0038', 'Cartridge HP 704 Colour', 'Pcs', 90000, '1', 2, 0, 2, 0),
(39, 'ATK0039', 'Cartridge HP 802 Black', 'Pcs', 86000, '1', 3, 0, 3, 0),
(40, 'ATK0040', 'Continuous Form 14 7/8', 'pack', 275000, '1', 1, 1, 0, 0),
(41, 'ATK0041', 'Cutter A-300 Kenko kecil', 'Pcs', 5000, '1', 8, 0, 8, 0),
(42, 'ATK0042', 'Double Tape kecil 1cm x 3 Daimaru', 'Roll', 2500, '1', 3, 0, 3, 0),
(43, 'ATK0043', 'Double Tape 1inch x3 inch Daimaru', 'Roll', 5000, '1', 2, 0, 2, 0),
(44, 'ATK0044', 'Flash Disc 8Gb Sandisc', 'Pcs', 60000, '1', 2, 0, 2, 0),
(45, 'ATK0045', 'Isolasi Bening kecil 1cm x 1/2 inch Panfix', 'Roll', 4000, '1', 16, 0, 16, 0),
(46, 'ATK0046', 'Isolasi Bening kecil 1inch x 3inch Daimaru', 'Roll', 8000, '1', 2, 0, 2, 0),
(47, 'ATK0047', 'Isolasi Bening sedang 1cm x 3inch Daimaru', 'Roll', 6000, '1', 2, 0, 2, 0),
(48, 'ATK0048', 'Isi Staples No.3 Besar', 'pack', 2000, '1', 36, 0, 36, 0),
(49, 'ATK0049', 'Isi Staples No.10 Kecil', 'pack', 4000, '1', 35, 2, 33, 0),
(50, 'ATK0050', 'Kertas A4 70gr', 'rim', 27500, '1', 27, 5, 26, 0),
(51, 'ATK0051', 'Kertas F4 70g', 'rim', 30500, '1', 8, 1, 7, 0),
(52, 'ATK0052', 'Kertas Carbon F4', 'Lbr', 350, '1', 150, 0, 150, 0),
(53, 'ATK0053', 'Kertas Cover F4 Gold Fish', 'Lbr', 350, '1', 220, 0, 220, 0),
(54, 'ATK0054', 'Kertas Fax', 'Roll', 0, '1', 24, 0, 24, 0),
(55, 'ATK0055', 'Kwitansi Pasar AA', 'Buku', 3500, '1', 19, 0, 19, 0),
(56, 'ATK0056', 'Kalkulator Citizen SDC-868L', 'Pcs', 85000, '0', 0, 0, 0, 0),
(57, 'ATK0057', 'Lem Kertas Stick Kenko', 'Pcs', 4750, '1', 3, 3, 2, 0),
(58, 'ATK0058', 'Lem Kertas Bening', 'Pcs', 3500, '0', 0, 0, 0, 0),
(59, 'ATK0059', 'Lakban Bening Besar Daimaru', 'Roll', 8000, '0', 0, 0, 0, 0),
(60, 'ATK0060', 'Lakban Coklat Besar Daimaru', 'Roll', 8000, '0', 0, 0, 0, 0),
(61, 'ATK0061', 'Lakban Hitam Besar Daimaru', 'Roll', 10000, '1', 1, 0, 1, 0),
(62, 'ATK0062', 'Map Kertas F4 Roda', 'Pcs', 400, '1', 140, 0, 140, 0),
(63, 'ATK0063', 'Map Kertas ACO F4 Roda', 'Pcs', 2050, '1', 131, 46, 85, 0),
(64, 'ATK0064', 'Map Bening/ Clear Sleeves Daiichi', 'Pcs', 150, '1', 26, 0, 26, 0),
(65, 'ATK0065', 'Map Gantung/ Hang Map Micro Top', 'Pcs', 2000, '1', 50, 0, 50, 0),
(66, 'ATK0066', 'Map Plastik / Businuss File Sika/Roda', 'Pcs', 150, '1', 67, 0, 67, 0),
(68, 'ATK0068', 'Memory Card Micro SD 4Gb V-Gen', 'Pcs', 0, '1', 2, 0, 2, 0),
(69, 'ATK0069', 'Memory Card Micro SD 8Gb Toshiba', 'Pcs', 0, '1', 1, 0, 1, 0),
(70, 'ATK0070', 'Odner kecil Sakato', 'Pcs', 18000, '1', 7, 0, 7, 0),
(71, 'ATK0071', 'Odner Besar Sakato', 'Pcs', 20000, '1', 1, 1, 0, 0),
(72, 'ATK0072', 'Paper Series A4 Kakaktua', 'Pcs', 0, '1', 100, 0, 100, 0),
(73, 'ATK0073', 'Paper Clip No.1 kecil Joyko', 'pack', 1500, '1', 2, 1, 1, 0),
(74, 'ATK0074', 'Paper Clip No.5 Besar Joyko', 'pack', 2500, '1', 8, 0, 8, 0),
(75, 'ATK0075', 'Papan White Board 90x120', 'Pcs', 185000, '0', 0, 0, 0, 0),
(76, 'ATK0076', 'Paku Sterefoam', 'pack', 3500, '0', 0, 0, 0, 0),
(77, 'ATK0077', 'Penggaris Plastik Butterply', 'Pcs', 2000, '1', 3, 0, 3, 0),
(78, 'ATK0078', 'Penghapus White Board', 'Pcs', 5000, '0', 0, 0, 0, 0),
(79, 'ATK0079', 'Pembatas map', 'Pcs', 28500, '0', 0, 0, 0, 0),
(80, 'ATK0080', 'Pembolong Kertas kecil', 'Pcs', 8500, '0', 0, 0, 0, 0),
(81, 'ATK0081', 'Pembolong Kertas No.58B sedang', 'Pcs', 36000, '1', 1, 1, 0, 0),
(82, 'ATK0082', 'Pensil Mekanik Artline', 'Pcs', 14000, '1', 3, 0, 3, 0),
(84, 'ATK0084', 'Penghapus pencil', 'Pcs', 2000, '1', 46, 0, 46, 0),
(85, 'ATK0085', 'Plastic Folder / PP Pocket A4 Bindex', 'Pcs', 125, '1', 180, 25, 155, 0),
(86, 'ATK0086', 'Post-It Note 1,5x2 kecil', 'pack', 4000, '1', 6, 0, 6, 0),
(87, 'ATK0087', 'Post-It Note 654 Besar', 'pack', 9500, '1', 5, 0, 5, 0),
(88, 'ATK0088', 'Post-It Sign Here', 'pack', 17500, '1', 3, 0, 3, 0),
(89, 'ATK0089', 'Reffil Ballpoint V5 Snowman', 'Pcs', 1250, '1', 19, 0, 19, 0),
(90, 'ATK0090', 'Refill Cutter A-300 kecil Kenko', 'Pcs', 650, '1', 8, 0, 8, 0),
(91, 'ATK0091', 'Refill Pensil Mekanik Pilot', 'pack', 4000, '1', 5, 0, 5, 0),
(92, 'ATK0092', 'Ribbon Pack LQ-2180 lengkap', 'Pcs', 130000, '1', 6, 4, 2, 0),
(93, 'ATK0093', 'Refill Pita Printer Epson LQ-2180', 'pack', 33500, '1', 3, 3, 0, 0),
(94, 'ATK0094', 'Ribbon Pack Epson LX-300', 'pack', 52000, '1', 3, 0, 3, 0),
(95, 'ATK0095', 'Refill Pita Printer Epson LX-300', 'pack', 0, '0', 0, 0, 0, 0),
(96, 'ATK0096', 'Spidol kecil Hitam Snowman', 'Pcs', 1000, '1', 6, 0, 6, 0),
(97, 'ATK0097', 'Spidol White board Hitam Snowman', 'Pcs', 7000, '1', 7, 0, 7, 0),
(98, 'ATK0098', 'Spidol permanent Hitam Artline', 'Pcs', 6000, '1', 1, 0, 1, 0),
(99, 'ATK0099', 'Spidol kecil Merah Snowman', 'Pcs', 1000, '1', 5, 0, 5, 0),
(100, 'ATK0100', 'Spidol White Board Merah Snowman', 'Pcs', 7000, '1', 1, 0, 1, 0),
(101, 'ATK0101', 'Spidol kecil Biru Snowman', 'Pcs', 1000, '1', 9, 0, 9, 0),
(102, 'ATK0102', 'Spidol White Board Biru Snowman', 'Pcs', 7000, '1', 10, 0, 10, 0),
(103, 'ATK0103', 'Spidol Permanent Biru Artline', 'Pcs', 6000, '1', 1, 0, 1, 0),
(104, 'ATK0104', 'Stabillo Boss warna Snowman/ fabercastle', 'Pcs', 6750, '1', 8, 1, 7, 0),
(105, 'ATK0105', 'Stapler No.10 kecil', 'Pcs', 15000, '1', 2, 0, 2, 0),
(106, 'ATK0106', 'Stapler HD-50 Besar', 'Pcs', 50000, '1', 2, 0, 2, 0),
(107, 'ATK0107', 'Suspension Filling Folder', 'Pcs', 13000, '0', 0, 0, 0, 0),
(108, 'ATK0108', 'Tempat Isolasi/ tape Dispenser joyko', 'Pcs', 15000, '1', 1, 0, 1, 0),
(109, 'ATK0109', 'Tempat ATK Micro Top', 'Pcs', 0, '1', 1, 0, 1, 0),
(110, 'ATK0110', 'Tinta Epson T6641 Black', 'Btl', 92000, '1', 1, 0, 1, 0),
(111, 'ATK0111', 'Tinta Epson T6642 Cyan', 'Btl', 92000, '1', 3, 0, 3, 0),
(112, 'ATK0112', 'Tinta Epson T6643 Magenta', 'Btl', 85000, '1', 1, 0, 1, 0),
(113, 'ATK0113', 'Tinta Epson T6644 Yellow', 'Btl', 85000, '1', 2, 0, 2, 0),
(114, 'ATK0114', 'Tip-Ex Kenko kecil', 'Pcs', 6500, '1', 0, 0, 0, 0),
(115, 'ATK0115', 'Try In-Out 3 susun', 'Pcs', 54000, '0', 0, 0, 0, 0),
(116, 'ATK0116', 'Gunting Kertas kenko', 'Pcs', 5000, '0', 0, 0, 0, 0),
(117, 'ATK0117', 'Lem Multipurpose', 'Pcs', 0, '1', 4, 0, 4, 0),
(118, 'CTK0001', 'Amplop Surat AMF', 'pack', 50000, '1', 18, 2, 16, 10),
(119, 'CTK0002', 'Bank Receipt Voucher', 'Buku', 18000, '1', 34, 5, 29, 10),
(120, 'CTK0003', 'Bank Receivable Voucher', 'Buku', 18000, '1', 19, 2, 17, 10),
(121, 'CTK0004', 'Bank Disbursement Voucher', 'Buku', 9500, '1', 150, 21, 133, 10),
(122, 'CTK0005', 'Bank Vayable Voucher', 'Buku', 18000, '1', 43, 0, 43, 10),
(123, 'CTK0006', 'Berita Acara Serah Terima', 'Buku', 16500, '1', 36, 0, 36, 10),
(124, 'CTK0007', 'Formulir Pemeriksaan Kendaraan', 'rim', 71000, '1', 8, 0, 8, 10),
(125, 'CTK0008', 'Formulir Permohonan Kredit', 'rim', 71000, '1', 20, 0, 20, 10),
(126, 'CTK0009', 'Hasil Tagihan Tunai & Penerimaan Giro', 'Buku', 0, '1', 20, 0, 20, 10),
(127, 'CTK0010', 'Kop Surat AMF', 'rim', 65000, '1', 30, 1, 29, 10),
(128, 'CTK0011', 'Laporan Penerimaan Kolektor', 'Buku', 25000, '1', 18, 0, 18, 10),
(129, 'CTK0012', 'Map Aplikasi AMF', 'Pcs', 3500, '1', 780, 0, 780, 50),
(130, 'CTK0013', 'Memori Jurnal', 'Buku', 7000, '1', 27, 7, 20, 10),
(131, 'CTK0014', 'Perjanjian Jaminan Pribadi ( BORGTOCHT )', 'rim', 51300, '1', 19, 0, 19, 10),
(132, 'CTK0015', 'Perjanjian Pembiayaan Konsumen', 'rim', 71000, '1', 24, 0, 24, 10),
(133, 'CTK0016', 'Perjanjian Pembiayaan Pakai Fidusia', 'rim', 0, '1', 9, 0, 9, 10),
(134, 'CTK0017', 'Slip Setoran', 'Buku', 70000, '1', 78, 4, 74, 10),
(135, 'CTK0018', 'Surat Kuasa Penarikan & Penjualan', 'rim', 30000, '1', 20, 0, 20, 10),
(137, 'CTK0019', 'Surat Pernyataan Beda Tanda Tangan', 'Buku', 15000, '1', 35, 0, 35, 10),
(138, 'CTK0020', 'Tanda Terima ', 'Buku', 5750, '1', 104, 0, 104, 10),
(139, 'CTK0021', 'Tanda Terima Kendaraan Tarikan', 'Buku', 38300, '1', 65, 0, 65, 10),
(140, 'ATK0118', 'Clear Holder A4 Felix', 'Pcs', 0, '1', 3, 0, 3, 0),
(141, 'ATK0119', 'Clear Holder F4 Felix', 'Pcs', 0, '1', 57, 0, 57, 0),
(142, 'ATK0120', 'Refill Toner Cartridge HP CE285A', 'pack', 310000, '1', 2, 2, 2, 0),
(143, 'CTK0022', 'Cash Disbursement Voucher', 'Buku', 7000, '1', 43, 2, 41, 10),
(145, 'ATK0122', 'dsada', 'Btl', 1212, '1', 0, 0, 0, 1),
(144, 'ATK0121', 'sfsfsd', 'Pcs', 3000, '1', 0, 0, 0, 1);

-- --------------------------------------------------------

--
-- Struktur dari tabel `log_aksi`
--

CREATE TABLE `log_aksi` (
  `n` int(15) UNSIGNED NOT NULL,
  `username` varchar(25) NOT NULL,
  `tgl` datetime NOT NULL,
  `aksi` varchar(225) NOT NULL,
  `ip` varchar(50) NOT NULL
) ENGINE=MyISAM DEFAULT CHARSET=utf8;

--
-- Dumping data untuk tabel `log_aksi`
--

INSERT INTO `log_aksi` (`n`, `username`, `tgl`, `aksi`, `ip`) VALUES
(1, 'bos', '2016-05-20 16:04:25', 'UPDATE Barang kode ATK0005 Amplop Coklat 80gr 110x230', 'IT-DEV - ::1');

-- --------------------------------------------------------

--
-- Struktur dari tabel `log_masuk`
--

CREATE TABLE `log_masuk` (
  `x` int(15) UNSIGNED NOT NULL,
  `tgl` datetime NOT NULL,
  `id` varchar(2) NOT NULL,
  `nama` varchar(20) NOT NULL
) ENGINE=MyISAM DEFAULT CHARSET=utf8;

--
-- Dumping data untuk tabel `log_masuk`
--

INSERT INTO `log_masuk` (`x`, `tgl`, `id`, `nama`) VALUES
(1, '2016-03-29 14:42:38', '2', 'bos'),
(2, '2016-03-29 15:33:50', '2', 'bos'),
(3, '2016-04-04 08:22:33', '2', 'bos'),
(4, '2016-04-04 09:03:03', '2', 'bos'),
(5, '2016-04-06 14:50:32', '2', 'bos'),
(6, '2016-05-18 15:30:48', '2', 'bos'),
(7, '2016-05-19 07:48:00', '2', 'bos'),
(8, '2016-05-20 13:47:42', '2', 'bos'),
(9, '2016-05-20 15:12:13', '2', 'bos'),
(10, '2016-05-20 15:54:43', '2', 'bos'),
(11, '2016-05-20 16:02:02', '2', 'bos'),
(12, '2016-05-23 11:00:56', '2', 'bos'),
(13, '2016-05-23 15:20:38', '2', 'bos');

-- --------------------------------------------------------

--
-- Struktur dari tabel `mutasi`
--

CREATE TABLE `mutasi` (
  `x` int(15) UNSIGNED NOT NULL,
  `nomutasi` varchar(12) NOT NULL,
  `tgl` datetime NOT NULL,
  `kodebrg` varchar(7) NOT NULL,
  `mutasi` char(1) NOT NULL,
  `keterangan` varchar(225) NOT NULL,
  `jml` int(5) NOT NULL,
  `idx_rinci` varchar(15) NOT NULL
) ENGINE=MyISAM DEFAULT CHARSET=utf8;

--
-- Dumping data untuk tabel `mutasi`
--

INSERT INTO `mutasi` (`x`, `nomutasi`, `tgl`, `kodebrg`, `mutasi`, `keterangan`, `jml`, `idx_rinci`) VALUES
(1, '000000000001', '2016-02-18 01:36:55', 'ATK0001', '1', 'Update/18/02/16', 3, ''),
(2, '000000000002', '2016-02-18 01:41:10', 'ATK0002', '1', 'Update/18/02/16', 12, ''),
(3, '000000000003', '2016-02-18 01:43:16', 'ATK0003', '1', 'Update/18/02/16', 1, ''),
(5, '000000000004', '2016-02-18 01:49:29', 'ATK0004', '1', 'Update/18/02/16', 3, ''),
(6, '000000000006', '2016-02-18 04:04:00', 'ATK0005', '1', 'Update/18/02/16', 3, ''),
(7, '000000000007', '2016-02-18 04:04:41', 'ATK0006', '1', 'Update/18/02/16', 4, ''),
(8, '000000000008', '2016-02-18 04:08:32', 'ATK0007', '1', 'Update/18/02/16', 11, ''),
(9, '000000000009', '2016-02-23 04:09:39', 'ATK0007', '2', 'Permintaan Fahmi ', 1, ''),
(10, '000000000010', '2016-02-18 04:10:49', 'ATK0008', '1', 'Update/18/02/16', 5, ''),
(11, '000000000011', '2016-02-18 04:11:46', 'ATK0009', '1', 'Update/18/02/16', 4, ''),
(12, '000000000012', '2016-02-19 04:12:07', 'ATK0009', '2', 'Permintaan Firda ', 1, ''),
(13, '000000000013', '2016-02-18 04:13:09', 'ATK0010', '1', 'Update/18/02/16', 6, ''),
(21, '000000000021', '2016-02-18 08:53:03', 'ATK0014', '1', 'Update/18/02/16', 4, ''),
(18, '000000000018', '2016-02-18 08:36:07', 'ATK0011', '2', 'Permintaan Via', 2, ''),
(17, '000000000017', '2016-02-18 04:20:55', 'ATK0012', '1', 'Update/18/02/16', 11, ''),
(19, '000000000019', '2016-02-22 08:37:08', 'ATK0011', '2', 'Permintaan Via ', 1, ''),
(20, '000000000020', '2016-02-18 08:43:32', 'ATK0013', '1', 'Update/18/02/16', 7, ''),
(22, '000000000022', '2016-02-18 08:53:56', 'ATK0015', '1', 'Update/18/02/16', 6, ''),
(23, '000000000023', '2016-02-18 08:54:18', 'ATK0016', '1', 'Update/18/02/16', 1, ''),
(24, '000000000024', '2016-02-18 08:54:46', 'ATK0017', '1', 'Update/18/02/16', 5, ''),
(25, '000000000025', '2016-02-18 08:56:02', 'ATK0018', '1', 'Update/18/02/16', 14, ''),
(26, '000000000026', '2016-02-18 08:56:30', 'ATK0019', '1', 'Update/18/02/16', 14, ''),
(27, '000000000027', '2016-02-18 08:57:04', 'ATK0020', '1', 'Update/18/02/16', 1, ''),
(28, '000000000028', '2016-02-18 08:57:51', 'ATK0021', '1', 'Update/18/02/16', 12, ''),
(29, '000000000029', '2016-02-18 08:58:31', 'ATK0022', '1', 'Update/18/02/16', 9, ''),
(30, '000000000030', '2016-02-18 08:59:09', 'ATK0023', '1', 'Update/18/02/16', 33, ''),
(31, '000000000031', '2016-02-18 08:59:44', 'ATK0024', '1', 'Update/18/02/16', 2, ''),
(32, '000000000032', '2016-02-18 09:00:47', 'ATK0025', '1', 'Update/18/02/16', 4, ''),
(33, '000000000033', '2016-02-18 09:01:24', 'ATK0026', '1', 'Update/18/02/16', 3, ''),
(34, '000000000034', '2016-02-18 09:02:35', 'ATK0027', '1', 'Update/18/02/16', 4, ''),
(35, '000000000035', '2016-02-18 09:03:01', 'ATK0028', '1', 'Update/18/02/16', 4, ''),
(36, '000000000036', '2016-02-18 09:03:23', 'ATK0029', '1', 'Update/18/02/16', 1, ''),
(37, '000000000037', '2016-02-18 09:03:54', 'ATK0030', '1', 'Update/18/02/16', 8, ''),
(38, '000000000038', '2016-02-18 09:04:20', 'ATK0031', '1', 'Update/18/02/16', 2, ''),
(39, '000000000039', '2016-02-18 09:04:42', 'ATK0032', '1', 'Update/18/02/16', 2, ''),
(40, '000000000040', '2016-02-18 09:05:14', 'ATK0033', '1', 'Update/18/02/16', 3, ''),
(41, '000000000041', '2016-02-18 09:05:36', 'ATK0034', '1', 'Update/18/02/16', 3, ''),
(42, '000000000042', '2016-02-18 09:06:14', 'ATK0035', '1', 'Update/18/02/16', 2, ''),
(43, '000000000043', '2016-02-18 09:08:06', 'ATK0041', '1', 'Update/18/02/16', 8, ''),
(44, '000000000044', '2016-02-18 09:09:36', 'ATK0036', '1', 'Update/18/02/16', 1, ''),
(45, '000000000045', '2016-02-18 09:10:01', 'ATK0037', '1', 'Update/18/02/16', 1, ''),
(46, '000000000046', '2016-02-18 09:10:31', 'ATK0038', '1', 'Update/18/02/16', 2, ''),
(47, '000000000047', '2016-02-18 09:10:53', 'ATK0039', '1', 'Update/18/02/16', 3, ''),
(49, '000000000048', '2016-02-18 09:27:32', 'ATK0042', '1', 'Update/18/02/16', 3, ''),
(50, '000000000050', '2016-02-18 09:36:28', 'ATK0043', '1', 'Update/18/02/16', 2, ''),
(51, '000000000051', '2016-02-18 09:37:20', 'ATK0044', '1', 'Update/18/02/16', 2, ''),
(52, '000000000052', '2016-02-18 09:38:43', 'ATK0045', '1', 'Update/18/02/16', 16, ''),
(53, '000000000053', '2016-02-18 09:41:10', 'ATK0046', '1', 'Update/18/02/16', 2, ''),
(54, '000000000054', '2016-02-18 09:42:32', 'ATK0047', '1', 'Update/18/02/16', 2, ''),
(55, '000000000055', '2016-02-18 09:43:06', 'ATK0048', '1', 'Update/18/02/16', 36, ''),
(56, '000000000056', '2016-02-18 09:43:51', 'ATK0049', '1', 'Update/18/02/16', 32, ''),
(57, '000000000057', '2016-02-18 09:45:00', 'ATK0050', '1', 'Update/18/02/16', 26, ''),
(58, '000000000058', '2016-02-18 09:45:34', 'ATK0051', '1', 'Update/18/02/16', 8, ''),
(59, '000000000059', '2016-02-18 09:46:10', 'ATK0052', '1', 'Update/18/02/16', 150, ''),
(60, '000000000060', '2016-02-18 09:46:43', 'ATK0053', '1', 'Update/18/02/16', 220, ''),
(61, '000000000061', '2016-02-18 09:47:09', 'ATK0054', '1', 'Update/18/02/16', 24, ''),
(62, '000000000062', '2016-02-18 09:47:34', 'ATK0055', '1', 'Update/18/02/16', 19, ''),
(63, '000000000063', '2016-02-18 09:48:09', 'ATK0057', '1', 'Update/18/02/16', 3, ''),
(64, '000000000064', '2016-02-18 09:51:24', 'ATK0117', '1', 'Update/18/02/16', 4, ''),
(65, '000000000065', '2016-02-18 09:53:16', 'ATK0061', '1', 'Update/18/02/16', 1, ''),
(66, '000000000066', '2016-02-18 09:53:44', 'ATK0062', '1', 'Update/18/02/16', 140, ''),
(67, '000000000067', '2016-02-18 09:54:20', 'ATK0063', '1', 'Update/18/02/16', 131, ''),
(68, '000000000068', '2016-02-18 09:54:56', 'ATK0064', '1', 'Update/18/02/16', 26, ''),
(69, '000000000069', '2016-02-18 09:58:45', 'ATK0065', '1', 'Update/18/02/16', 50, ''),
(70, '000000000070', '2016-02-18 09:59:14', 'ATK0066', '1', 'Update/18/02/16', 67, ''),
(71, '000000000071', '2016-02-18 10:01:06', 'ATK0067', '1', 'Update/18/02/16', 1, ''),
(72, '000000000072', '2016-02-18 10:01:38', 'ATK0068', '1', 'Update/18/02/16', 2, ''),
(73, '000000000073', '2016-02-18 10:02:03', 'ATK0069', '1', 'Update/18/02/16', 1, ''),
(74, '000000000074', '2016-02-18 10:02:28', 'ATK0070', '1', 'Update/18/02/16', 7, ''),
(75, '000000000075', '2016-02-18 10:02:57', 'ATK0072', '1', 'Update/18/02/16', 100, ''),
(76, '000000000076', '2016-02-18 10:03:28', 'ATK0073', '1', 'Update/18/02/16', 2, ''),
(77, '000000000077', '2016-02-18 10:03:57', 'ATK0074', '1', 'Update/18/02/16', 8, ''),
(78, '000000000078', '2016-02-18 10:05:45', 'ATK0077', '1', 'Update/18/02/16', 3, ''),
(79, '000000000079', '2016-02-18 10:07:04', 'ATK0081', '1', 'Update/18/02/16', 1, ''),
(80, '000000000080', '2016-02-18 10:07:37', 'ATK0082', '1', 'Update/18/02/16', 3, ''),
(81, '000000000081', '2016-02-18 10:10:24', 'ATK0084', '1', 'Update/18/02/16', 46, ''),
(82, '000000000082', '2016-02-18 10:10:49', 'ATK0085', '1', 'Update/18/02/16', 180, ''),
(83, '000000000083', '0000-00-00 00:00:00', 'ATK0086', '1', 'Update/18/02/16', 6, ''),
(84, '000000000084', '2016-02-18 10:11:47', 'ATK0087', '1', 'Update/18/02/16', 5, ''),
(85, '000000000085', '2016-02-18 10:12:15', 'ATK0088', '1', 'Update/18/02/16', 3, ''),
(86, '000000000086', '2016-02-18 10:12:42', 'ATK0089', '1', 'Update/18/02/16', 19, ''),
(87, '000000000087', '2016-02-18 10:13:59', 'ATK0090', '1', 'Update/18/02/16', 8, ''),
(88, '000000000088', '2016-02-18 10:14:19', 'ATK0091', '1', 'Update/18/02/16', 5, ''),
(89, '000000000089', '2016-02-18 10:15:16', 'ATK0094', '1', 'Update/18/02/16', 3, ''),
(90, '000000000090', '2016-02-18 10:15:51', 'ATK0096', '1', 'Update/18/02/16', 6, ''),
(91, '000000000091', '2016-02-18 10:16:18', 'ATK0097', '1', 'Update/18/02/16', 7, ''),
(92, '000000000092', '2016-02-18 10:16:51', 'ATK0098', '1', 'Update/18/02/16', 1, ''),
(93, '000000000093', '2016-02-18 10:17:25', 'ATK0099', '1', 'Update/18/02/16', 5, ''),
(94, '000000000094', '2016-02-18 10:17:55', 'ATK0100', '1', 'Update/18/02/16', 1, ''),
(95, '000000000095', '2016-02-18 10:18:18', 'ATK0101', '1', 'Update/18/02/16', 9, ''),
(96, '000000000096', '2016-02-18 10:18:49', 'ATK0102', '1', 'Update/18/02/16', 10, ''),
(97, '000000000097', '2016-02-18 10:19:24', 'ATK0103', '1', 'Update/18/02/16', 1, ''),
(98, '000000000098', '2016-02-18 10:19:51', 'ATK0104', '1', 'Update/18/02/16', 8, ''),
(99, '000000000099', '2016-02-18 10:20:25', 'ATK0106', '1', 'Update/18/02/16', 2, ''),
(100, '000000000100', '2016-02-18 10:20:50', 'ATK0108', '1', 'Update/18/02/16', 1, ''),
(101, '000000000101', '2016-02-18 10:21:18', 'ATK0110', '1', 'Update/18/02/16', 1, ''),
(102, '000000000102', '2016-02-18 10:21:46', 'ATK0111', '1', 'Update/18/02/16', 3, ''),
(103, '000000000103', '2016-02-18 10:22:13', 'ATK0112', '1', 'Update/18/02/16', 1, ''),
(104, '000000000104', '2016-02-18 10:22:37', 'ATK0113', '1', 'Update/18/02/16', 2, ''),
(105, '000000000105', '2016-02-24 10:25:00', 'ATK0104', '2', 'Permintaan Nyoman (kuning & hijau)', 2, ''),
(106, '000000000106', '2016-02-24 10:28:25', 'ATK0049', '1', 'Permintaan Nyoman', 1, ''),
(107, '000000000107', '2016-02-18 10:31:15', 'ATK0109', '1', 'Update/18/02/16', 1, ''),
(108, '000000000108', '2016-02-19 10:35:01', 'ATK0050', '2', 'Permintaan firda', 1, ''),
(109, '000000000109', '2016-02-18 10:38:49', 'ATK0105', '1', 'Update/18/02/16', 1, ''),
(110, '000000000110', '2016-02-19 10:40:25', 'ATK0105', '1', 'Permintaan Okta /hilang', 1, ''),
(111, '000000000111', '2016-02-18 10:42:32', 'ATK0092', '1', 'Update/18/02/16', 2, ''),
(112, '000000000112', '2016-02-18 10:43:25', 'ATK0093', '1', 'Update/18/02/16', 3, ''),
(113, '000000000113', '2016-02-23 10:46:11', 'ATK0093', '2', 'Permintaan Yudo / Print data debitur', 3, ''),
(114, '000000000114', '2016-02-23 10:47:03', 'ATK0092', '2', 'Permintaan Yudo / Print data debitur', 2, ''),
(115, '000000000115', '2016-02-18 10:50:04', 'ATK0085', '2', 'Permintaan Via', 15, ''),
(116, '000000000116', '2016-02-22 10:50:48', 'ATK0085', '2', 'Permintaan Via', 10, ''),
(117, '000000000117', '2016-02-22 10:51:28', 'ATK0073', '2', 'Permintaan Via', 1, ''),
(118, '000000000118', '2016-02-18 10:55:07', 'ATK0040', '1', 'Update/18/02/16', 1, ''),
(119, '000000000119', '2016-02-22 10:55:41', 'ATK0040', '2', 'Permintaan Firda', 1, ''),
(120, '000000000120', '2016-02-23 10:56:36', 'ATK0063', '2', 'Permintaan Firda', 46, ''),
(121, '000000000121', '2016-02-18 10:57:32', 'ATK0071', '1', 'Update/18/02/16', 1, ''),
(122, '000000000122', '2016-02-23 10:57:58', 'ATK0071', '2', 'Permintaan Firda', 1, ''),
(123, '000000000123', '2016-02-25 02:50:35', 'ATK0092', '1', 'Pembelian 25/02/15 ', 4, ''),
(124, '000000000124', '2016-02-25 02:51:51', 'ATK0092', '2', 'Permintaan Machrus', 2, ''),
(125, '000000000125', '2016-02-18 02:16:15', 'CTK0001', '1', 'Update 18/02/16', 18, ''),
(126, '000000000126', '2016-02-18 02:17:35', 'CTK0002', '1', 'Update 18/02/16', 34, ''),
(127, '000000000127', '2016-02-18 02:18:19', 'CTK0003', '1', 'Update 18/02/16', 19, ''),
(128, '000000000128', '2016-02-18 02:19:02', 'CTK0004', '1', 'Update 18/02/16', 50, ''),
(129, '000000000129', '2016-02-18 02:19:44', 'CTK0005', '1', 'Update 18/02/16', 43, ''),
(130, '000000000130', '2016-02-18 02:20:40', 'CTK0006', '1', 'Update 18/02/16', 36, ''),
(131, '000000000131', '2016-02-18 02:21:54', 'CTK0007', '1', 'Update 18/02/16', 8, ''),
(132, '000000000132', '2016-02-18 02:22:30', 'CTK0008', '1', 'Update 18/02/16', 20, ''),
(133, '000000000133', '2016-02-18 02:23:00', 'CTK0009', '1', 'Update 18/02/16', 20, ''),
(134, '000000000134', '2016-02-18 02:23:35', 'CTK0010', '1', 'Update 18/02/16', 30, ''),
(135, '000000000135', '2016-02-18 02:24:03', 'CTK0011', '1', 'Update 18/02/16', 18, ''),
(136, '000000000136', '2016-02-18 02:24:48', 'CTK0012', '1', 'Update 18/02/16', 780, ''),
(137, '000000000137', '2016-02-18 02:25:29', 'CTK0013', '1', 'Update 18/02/16', 27, ''),
(138, '000000000138', '2016-02-18 02:26:01', 'CTK0014', '1', 'Update 18/02/16', 19, ''),
(139, '000000000139', '2016-02-18 02:26:29', 'CTK0015', '1', 'Update 18/02/16', 24, ''),
(140, '000000000140', '2016-02-18 02:27:05', 'CTK0016', '1', 'Update 18/02/16', 9, ''),
(141, '000000000141', '2016-02-18 02:27:44', 'CTK0017', '1', 'Update 18/02/16', 78, ''),
(142, '000000000142', '2016-02-18 02:28:24', 'CTK0018', '1', 'Update 18/02/16', 20, ''),
(143, '000000000143', '2016-02-18 02:29:09', 'CTK0019', '1', 'Update 18/02/16', 35, ''),
(144, '000000000144', '2016-02-18 02:29:36', 'CTK0020', '1', 'Update 18/02/16', 104, ''),
(145, '000000000145', '2016-02-18 02:30:03', 'CTK0021', '1', 'Update 18/02/16', 65, ''),
(149, '000000000149', '2016-02-19 02:36:58', 'CTK0004', '2', 'Permintaan Via', 2, ''),
(148, '000000000146', '2016-02-18 02:36:28', 'CTK0004', '2', 'Permintaan Farah', 2, ''),
(150, '000000000150', '2016-02-22 02:38:22', 'CTK0013', '2', 'Permintaan Yono', 2, ''),
(151, '000000000151', '2016-02-22 02:40:45', 'CTK0017', '2', 'Cab. JKT ( 1400042301-1400042500 )', 2, ''),
(152, '000000000152', '2016-02-23 02:43:31', 'CTK0017', '2', 'Cab. MKS ( 1400042501-1400042700 )', 2, ''),
(153, '000000000153', '2016-02-24 02:46:33', 'CTK0004', '1', 'Pembelian 24/02/16', 100, ''),
(154, '000000000154', '2016-02-25 02:47:08', 'CTK0004', '2', 'Permintaan Farah', 2, ''),
(155, '000000000155', '2016-02-18 03:24:51', 'ATK0118', '1', 'Update 18/02/16', 3, ''),
(156, '000000000156', '2016-02-18 03:25:39', 'ATK0119', '1', 'Update 18/02/16', 57, ''),
(157, '000000000157', '2016-02-26 03:30:41', 'ATK0025', '2', 'Permintaan Fitri u/ P'' Hidi', 1, ''),
(158, '000000000158', '2016-03-01 11:00:14', 'ATK0050', '2', 'Permintaan Yono', 1, ''),
(159, '000000000159', '2016-02-18 11:03:21', 'ATK0120', '1', 'Update 18/02/16', 2, ''),
(161, '000000000161', '2016-03-01 02:02:06', 'CTK0004', '2', 'Permintaan Okta', 6, ''),
(162, '000000000162', '2016-03-01 02:03:22', 'ATK0049', '2', 'Permintaan Okta', 2, ''),
(163, '000000000163', '2016-03-01 02:03:49', 'CTK0010', '2', 'Permintaan Okta', 1, ''),
(165, '000000000165', '2016-03-02 03:04:28', 'CTK0003', '2', 'Permintaan cab. Karawang', 2, ''),
(174, '000000000174', '2016-02-18 10:35:15', 'ATK0107', '1', 'Update 18/02/16', 50, ''),
(167, '000000000167', '2016-03-02 03:06:09', 'CTK0001', '2', 'Permintaan cab. Karawang', 2, ''),
(168, '000000000168', '2016-03-03 09:56:56', 'CTK0002', '2', 'Permintan Firda', 5, ''),
(169, '000000000169', '2016-03-03 10:02:30', 'CTK0004', '2', 'Permintan Firda', 5, ''),
(170, '000000000170', '2016-03-03 10:02:54', 'CTK0013', '2', 'Permintan Firda', 5, ''),
(171, '000000000171', '2016-03-03 10:03:16', 'ATK0049', '1', 'Permintan Firda', 2, ''),
(172, '000000000172', '2016-02-18 10:13:18', 'CTK0022', '1', 'Update 18/02/16', 43, ''),
(173, '000000000173', '2016-03-02 10:14:08', 'CTK0022', '2', 'Permintaan cab. Karawang', 2, ''),
(175, '000000000175', '2016-03-03 11:26:31', 'ATK0050', '2', 'Permintaan Indrayana (Custodian)', 1, ''),
(176, '000000000176', '2016-03-03 03:08:30', 'ATK0050', '2', 'Permintaan Gustaf (Adm Coll Pusat)', 1, ''),
(177, '000000000177', '2016-03-03 03:09:56', 'ATK0044', '2', 'Permintaan Indra (Area MGR MKT)', 1, ''),
(178, '000000000178', '2016-03-03 03:47:47', 'ATK0073', '2', 'Permintaan Ratna (HRD)', 1, ''),
(179, '000000000179', '2016-03-03 03:48:15', 'ATK0049', '2', 'Permintaan Ratna (HRD)', 2, ''),
(180, '000000000180', '2016-03-03 03:48:44', 'ATK0051', '2', 'Permintaan Ratna (HRD)', 1, ''),
(181, '000000000181', '2016-03-03 04:09:26', 'ATK0092', '2', 'Permintaan Roy (Accounting)', 1, ''),
(182, '000000000182', '2016-03-04 08:21:29', 'ATK0092', '2', 'Permintaan Machrus (IT)', 1, ''),
(183, '000000000183', '2016-03-04 09:12:26', 'CTK0017', '2', 'Permintaan Susanti u/ JKT2 (1400042701-1400042900)', 2, ''),
(184, '000000000184', '2016-03-04 09:13:35', 'ATK0049', '2', 'Permintaan Susanti (Adm Opr Pusat)', 2, ''),
(185, '000000000185', '2016-03-04 09:43:03', 'CTK0017', '2', 'Permintaan Cab. Tangerang (1400042901-1400043100)', 2, ''),
(186, '000000000186', '2016-03-04 04:07:13', 'ATK0050', '2', 'Permintan Firda (Accounting)', 2, ''),
(187, '000000000187', '2016-03-07 08:31:11', 'ATK0009', '2', 'Permintaan Yogi (Accounting)', 1, ''),
(188, '000000000188', '2016-03-08 11:00:31', 'ATK0050', '2', 'Permintaan Fitr (Sekretaris)', 1, ''),
(189, '000000000189', '2016-03-08 02:57:18', 'ATK0012', '2', 'Permintaan Gustaf (Adm Coll Pusat)', 1, ''),
(190, '000000000190', '2016-02-18 04:41:27', 'ATK0121', '1', 'Update 18/02/16', 75, ''),
(191, '000000000191', '2016-03-08 04:43:20', 'ATK0121', '2', 'Permintaan Fitr (Sekretaris)', 1, ''),
(192, '000000000192', '2016-03-08 09:03:51', 'ATK0084', '2', 'Permintaan Fitri (Sekretaris)', 1, ''),
(193, '000000000193', '2016-02-18 09:24:42', 'ATK0122', '1', 'Update 18/02/16', 9, ''),
(194, '000000000194', '2016-03-10 02:28:51', 'CTK0017', '2', 'Permintaan Cab. Batam (140003101-1400043300)', 2, ''),
(195, '000000000195', '2016-03-11 02:24:54', 'CTK0017', '2', 'Permintaan Cab. Batam ( 1400043301-1400043500)', 2, ''),
(196, '000000000196', '2016-03-11 02:48:21', 'ATK0120', '2', 'Permintaan Yono ( tukar yg lama trouble )', 1, ''),
(197, '000000000197', '2016-03-14 08:20:33', 'ATK0033', '2', 'Permintaan Sari (HRD)', 1, ''),
(198, '000000000198', '2016-03-15 08:22:41', 'ATK0031', '2', 'Permintaan Fahmi (Custodian u/ Operasional)', 1, ''),
(199, '000000000199', '2016-03-15 11:26:09', 'CTK0017', '2', 'Permintaan Cab. Pekanbaru (1400043501-1400043700)', 2, ''),
(200, '000000000200', '2016-03-15 02:03:17', 'ATK0044', '2', 'Permintaan Yono/ Umi (Accounting) u/data pemeriksaan kantor pajak', 1, ''),
(201, '000000000201', '2016-03-15 02:04:56', 'ATK0050', '2', 'Permintaan Indrayana (Custodian)', 1, ''),
(202, '000000000202', '2016-03-15 04:16:37', 'ATK0039', '2', 'Permintaan Bp. Adhy D (Accounting Mgr)', 1, ''),
(203, '000000000203', '2016-03-16 01:38:38', 'ATK0009', '2', 'Permintaan Yogi (Accounting)', 1, ''),
(204, '000000000204', '2016-03-16 01:39:47', 'ATK0009', '2', 'Permintaan Mariana (Finance)', 1, ''),
(205, '000000000205', '2016-03-16 09:48:50', 'ATK0050', '2', 'Permintaan Fitri (Sekretaris)', 1, ''),
(206, '000000000206', '2016-03-18 09:50:35', 'CTK0004', '2', 'Permintaan Farah (Finance)', 6, ''),
(207, '000000000207', '2016-03-18 02:29:47', 'ATK0050', '2', 'Permintaan Topo (BRO)', 1, ''),
(208, '000000000208', '2016-03-22 01:30:08', 'ATK0050', '2', 'Permintaan Gustaf (Adm Coll Pusat)', 1, ''),
(210, '000000000209', '2016-03-23 11:00:49', 'ATK0087', '2', 'Permintaan Okta (Finance)', 1, ''),
(212, '000000000211', '2016-03-29 09:42:19', 'ATK0037', '2', 'Permintaan Dedi (Audit/IT)', 1, '1'),
(213, '000000000213', '2016-03-29 09:44:11', 'ATK0050', '2', 'Permintaan Dedi (Audit/IT)', 1, '2'),
(214, '000000000214', '2016-03-28 11:59:13', 'ATK0008', '2', 'Permintaan oki (Finance)', 1, '3'),
(215, '000000000215', '2016-03-30 11:59:24', 'ATK0089', '2', 'Permintaan viabank (Finance)', 3, '4'),
(216, '000000000216', '2016-03-30 15:38:02', 'ATK0050', '2', 'Permintaan firda (Accounting)', 1, '5'),
(221, '000000000217', '2016-05-19 08:37:22', 'ATK0002', '2', 'aasasasas', 1, '-'),
(223, '000000000222', '2016-05-19 09:21:32', 'ATK0008', '2', 'Permintaan oki (Finance)', 1, '3');

-- --------------------------------------------------------

--
-- Struktur dari tabel `mutasi_ori`
--

CREATE TABLE `mutasi_ori` (
  `x` int(15) UNSIGNED NOT NULL,
  `nomutasi` varchar(12) NOT NULL,
  `tgl` datetime NOT NULL,
  `kodebrg` varchar(7) NOT NULL,
  `mutasi` char(1) NOT NULL,
  `keterangan` varchar(225) NOT NULL,
  `jml` int(5) NOT NULL,
  `idx_rinci` varchar(15) DEFAULT NULL
) ENGINE=MyISAM DEFAULT CHARSET=utf8;

--
-- Dumping data untuk tabel `mutasi_ori`
--

INSERT INTO `mutasi_ori` (`x`, `nomutasi`, `tgl`, `kodebrg`, `mutasi`, `keterangan`, `jml`, `idx_rinci`) VALUES
(1, '000000000001', '2016-02-18 01:36:55', 'ATK0001', '1', 'Update/18/02/16', 3, NULL),
(2, '000000000002', '2016-02-18 01:41:10', 'ATK0002', '1', 'Update/18/02/16', 12, NULL),
(3, '000000000003', '2016-02-18 01:43:16', 'ATK0003', '1', 'Update/18/02/16', 1, NULL),
(5, '000000000004', '2016-02-18 01:49:29', 'ATK0004', '1', 'Update/18/02/16', 3, NULL),
(6, '000000000006', '2016-02-18 04:04:00', 'ATK0005', '1', 'Update/18/02/16', 3, NULL),
(7, '000000000007', '2016-02-18 04:04:41', 'ATK0006', '1', 'Update/18/02/16', 4, NULL),
(8, '000000000008', '2016-02-18 04:08:32', 'ATK0007', '1', 'Update/18/02/16', 11, NULL),
(9, '000000000009', '2016-02-23 04:09:39', 'ATK0007', '2', 'Permintaan Fahmi ', 1, NULL),
(10, '000000000010', '2016-02-18 04:10:49', 'ATK0008', '1', 'Update/18/02/16', 5, NULL),
(11, '000000000011', '2016-02-18 04:11:46', 'ATK0009', '1', 'Update/18/02/16', 4, NULL),
(12, '000000000012', '2016-02-19 04:12:07', 'ATK0009', '2', 'Permintaan Firda ', 1, NULL),
(13, '000000000013', '2016-02-18 04:13:09', 'ATK0010', '1', 'Update/18/02/16', 6, NULL),
(21, '000000000021', '2016-02-18 08:53:03', 'ATK0014', '1', 'Update/18/02/16', 4, NULL),
(18, '000000000018', '2016-02-18 08:36:07', 'ATK0011', '2', 'Permintaan Via', 2, NULL),
(17, '000000000017', '2016-02-18 04:20:55', 'ATK0012', '1', 'Update/18/02/16', 11, NULL),
(19, '000000000019', '2016-02-22 08:37:08', 'ATK0011', '2', 'Permintaan Via ', 1, NULL),
(20, '000000000020', '2016-02-18 08:43:32', 'ATK0013', '1', 'Update/18/02/16', 7, NULL),
(22, '000000000022', '2016-02-18 08:53:56', 'ATK0015', '1', 'Update/18/02/16', 6, NULL),
(23, '000000000023', '2016-02-18 08:54:18', 'ATK0016', '1', 'Update/18/02/16', 1, NULL),
(24, '000000000024', '2016-02-18 08:54:46', 'ATK0017', '1', 'Update/18/02/16', 5, NULL),
(25, '000000000025', '2016-02-18 08:56:02', 'ATK0018', '1', 'Update/18/02/16', 14, NULL),
(26, '000000000026', '2016-02-18 08:56:30', 'ATK0019', '1', 'Update/18/02/16', 14, NULL),
(27, '000000000027', '2016-02-18 08:57:04', 'ATK0020', '1', 'Update/18/02/16', 1, NULL),
(28, '000000000028', '2016-02-18 08:57:51', 'ATK0021', '1', 'Update/18/02/16', 12, NULL),
(29, '000000000029', '2016-02-18 08:58:31', 'ATK0022', '1', 'Update/18/02/16', 9, NULL),
(30, '000000000030', '2016-02-18 08:59:09', 'ATK0023', '1', 'Update/18/02/16', 33, NULL),
(31, '000000000031', '2016-02-18 08:59:44', 'ATK0024', '1', 'Update/18/02/16', 2, NULL),
(32, '000000000032', '2016-02-18 09:00:47', 'ATK0025', '1', 'Update/18/02/16', 4, NULL),
(33, '000000000033', '2016-02-18 09:01:24', 'ATK0026', '1', 'Update/18/02/16', 3, NULL),
(34, '000000000034', '2016-02-18 09:02:35', 'ATK0027', '1', 'Update/18/02/16', 4, NULL),
(35, '000000000035', '2016-02-18 09:03:01', 'ATK0028', '1', 'Update/18/02/16', 4, NULL),
(36, '000000000036', '2016-02-18 09:03:23', 'ATK0029', '1', 'Update/18/02/16', 1, NULL),
(37, '000000000037', '2016-02-18 09:03:54', 'ATK0030', '1', 'Update/18/02/16', 8, NULL),
(38, '000000000038', '2016-02-18 09:04:20', 'ATK0031', '1', 'Update/18/02/16', 2, NULL),
(39, '000000000039', '2016-02-18 09:04:42', 'ATK0032', '1', 'Update/18/02/16', 2, NULL),
(40, '000000000040', '2016-02-18 09:05:14', 'ATK0033', '1', 'Update/18/02/16', 3, NULL),
(41, '000000000041', '2016-02-18 09:05:36', 'ATK0034', '1', 'Update/18/02/16', 3, NULL),
(42, '000000000042', '2016-02-18 09:06:14', 'ATK0035', '1', 'Update/18/02/16', 2, NULL),
(43, '000000000043', '2016-02-18 09:08:06', 'ATK0041', '1', 'Update/18/02/16', 8, NULL),
(44, '000000000044', '2016-02-18 09:09:36', 'ATK0036', '1', 'Update/18/02/16', 1, NULL),
(45, '000000000045', '2016-02-18 09:10:01', 'ATK0037', '1', 'Update/18/02/16', 1, NULL),
(46, '000000000046', '2016-02-18 09:10:31', 'ATK0038', '1', 'Update/18/02/16', 2, NULL),
(47, '000000000047', '2016-02-18 09:10:53', 'ATK0039', '1', 'Update/18/02/16', 3, NULL),
(49, '000000000048', '2016-02-18 09:27:32', 'ATK0042', '1', 'Update/18/02/16', 3, NULL),
(50, '000000000050', '2016-02-18 09:36:28', 'ATK0043', '1', 'Update/18/02/16', 2, NULL),
(51, '000000000051', '2016-02-18 09:37:20', 'ATK0044', '1', 'Update/18/02/16', 2, NULL),
(52, '000000000052', '2016-02-18 09:38:43', 'ATK0045', '1', 'Update/18/02/16', 16, NULL),
(53, '000000000053', '2016-02-18 09:41:10', 'ATK0046', '1', 'Update/18/02/16', 2, NULL),
(54, '000000000054', '2016-02-18 09:42:32', 'ATK0047', '1', 'Update/18/02/16', 2, NULL),
(55, '000000000055', '2016-02-18 09:43:06', 'ATK0048', '1', 'Update/18/02/16', 36, NULL),
(56, '000000000056', '2016-02-18 09:43:51', 'ATK0049', '1', 'Update/18/02/16', 32, NULL),
(57, '000000000057', '2016-02-18 09:45:00', 'ATK0050', '1', 'Update/18/02/16', 26, NULL),
(58, '000000000058', '2016-02-18 09:45:34', 'ATK0051', '1', 'Update/18/02/16', 8, NULL),
(59, '000000000059', '2016-02-18 09:46:10', 'ATK0052', '1', 'Update/18/02/16', 150, NULL),
(60, '000000000060', '2016-02-18 09:46:43', 'ATK0053', '1', 'Update/18/02/16', 220, NULL),
(61, '000000000061', '2016-02-18 09:47:09', 'ATK0054', '1', 'Update/18/02/16', 24, NULL),
(62, '000000000062', '2016-02-18 09:47:34', 'ATK0055', '1', 'Update/18/02/16', 19, NULL),
(63, '000000000063', '2016-02-18 09:48:09', 'ATK0057', '1', 'Update/18/02/16', 3, NULL),
(64, '000000000064', '2016-02-18 09:51:24', 'ATK0117', '1', 'Update/18/02/16', 4, NULL),
(65, '000000000065', '2016-02-18 09:53:16', 'ATK0061', '1', 'Update/18/02/16', 1, NULL),
(66, '000000000066', '2016-02-18 09:53:44', 'ATK0062', '1', 'Update/18/02/16', 140, NULL),
(67, '000000000067', '2016-02-18 09:54:20', 'ATK0063', '1', 'Update/18/02/16', 131, NULL),
(68, '000000000068', '2016-02-18 09:54:56', 'ATK0064', '1', 'Update/18/02/16', 26, NULL),
(69, '000000000069', '2016-02-18 09:58:45', 'ATK0065', '1', 'Update/18/02/16', 50, NULL),
(70, '000000000070', '2016-02-18 09:59:14', 'ATK0066', '1', 'Update/18/02/16', 67, NULL),
(71, '000000000071', '2016-02-18 10:01:06', 'ATK0067', '1', 'Update/18/02/16', 1, NULL),
(72, '000000000072', '2016-02-18 10:01:38', 'ATK0068', '1', 'Update/18/02/16', 2, NULL),
(73, '000000000073', '2016-02-18 10:02:03', 'ATK0069', '1', 'Update/18/02/16', 1, NULL),
(74, '000000000074', '2016-02-18 10:02:28', 'ATK0070', '1', 'Update/18/02/16', 7, NULL),
(75, '000000000075', '2016-02-18 10:02:57', 'ATK0072', '1', 'Update/18/02/16', 100, NULL),
(76, '000000000076', '2016-02-18 10:03:28', 'ATK0073', '1', 'Update/18/02/16', 2, NULL),
(77, '000000000077', '2016-02-18 10:03:57', 'ATK0074', '1', 'Update/18/02/16', 8, NULL),
(78, '000000000078', '2016-02-18 10:05:45', 'ATK0077', '1', 'Update/18/02/16', 3, NULL),
(79, '000000000079', '2016-02-18 10:07:04', 'ATK0081', '1', 'Update/18/02/16', 1, NULL),
(80, '000000000080', '2016-02-18 10:07:37', 'ATK0082', '1', 'Update/18/02/16', 3, NULL),
(81, '000000000081', '2016-02-18 10:10:24', 'ATK0084', '1', 'Update/18/02/16', 46, NULL),
(82, '000000000082', '2016-02-18 10:10:49', 'ATK0085', '1', 'Update/18/02/16', 180, NULL),
(83, '000000000083', '0000-00-00 00:00:00', 'ATK0086', '1', 'Update/18/02/16', 6, NULL),
(84, '000000000084', '2016-02-18 10:11:47', 'ATK0087', '1', 'Update/18/02/16', 5, NULL),
(85, '000000000085', '2016-02-18 10:12:15', 'ATK0088', '1', 'Update/18/02/16', 3, NULL),
(86, '000000000086', '2016-02-18 10:12:42', 'ATK0089', '1', 'Update/18/02/16', 19, NULL),
(87, '000000000087', '2016-02-18 10:13:59', 'ATK0090', '1', 'Update/18/02/16', 8, NULL),
(88, '000000000088', '2016-02-18 10:14:19', 'ATK0091', '1', 'Update/18/02/16', 5, NULL),
(89, '000000000089', '2016-02-18 10:15:16', 'ATK0094', '1', 'Update/18/02/16', 3, NULL),
(90, '000000000090', '2016-02-18 10:15:51', 'ATK0096', '1', 'Update/18/02/16', 6, NULL),
(91, '000000000091', '2016-02-18 10:16:18', 'ATK0097', '1', 'Update/18/02/16', 7, NULL),
(92, '000000000092', '2016-02-18 10:16:51', 'ATK0098', '1', 'Update/18/02/16', 1, NULL),
(93, '000000000093', '2016-02-18 10:17:25', 'ATK0099', '1', 'Update/18/02/16', 5, NULL),
(94, '000000000094', '2016-02-18 10:17:55', 'ATK0100', '1', 'Update/18/02/16', 1, NULL),
(95, '000000000095', '2016-02-18 10:18:18', 'ATK0101', '1', 'Update/18/02/16', 9, NULL),
(96, '000000000096', '2016-02-18 10:18:49', 'ATK0102', '1', 'Update/18/02/16', 10, NULL),
(97, '000000000097', '2016-02-18 10:19:24', 'ATK0103', '1', 'Update/18/02/16', 1, NULL),
(98, '000000000098', '2016-02-18 10:19:51', 'ATK0104', '1', 'Update/18/02/16', 8, NULL),
(99, '000000000099', '2016-02-18 10:20:25', 'ATK0106', '1', 'Update/18/02/16', 2, NULL),
(100, '000000000100', '2016-02-18 10:20:50', 'ATK0108', '1', 'Update/18/02/16', 1, NULL),
(101, '000000000101', '2016-02-18 10:21:18', 'ATK0110', '1', 'Update/18/02/16', 1, NULL),
(102, '000000000102', '2016-02-18 10:21:46', 'ATK0111', '1', 'Update/18/02/16', 3, NULL),
(103, '000000000103', '2016-02-18 10:22:13', 'ATK0112', '1', 'Update/18/02/16', 1, NULL),
(104, '000000000104', '2016-02-18 10:22:37', 'ATK0113', '1', 'Update/18/02/16', 2, NULL),
(105, '000000000105', '2016-02-24 10:25:00', 'ATK0104', '2', 'Permintaan Nyoman (kuning & hijau)', 2, NULL),
(106, '000000000106', '2016-02-24 10:28:25', 'ATK0049', '1', 'Permintaan Nyoman', 1, NULL),
(107, '000000000107', '2016-02-18 10:31:15', 'ATK0109', '1', 'Update/18/02/16', 1, NULL),
(108, '000000000108', '2016-02-19 10:35:01', 'ATK0050', '2', 'Permintaan firda', 1, NULL),
(109, '000000000109', '2016-02-18 10:38:49', 'ATK0105', '1', 'Update/18/02/16', 1, NULL),
(110, '000000000110', '2016-02-19 10:40:25', 'ATK0105', '1', 'Permintaan Okta /hilang', 1, NULL),
(111, '000000000111', '2016-02-18 10:42:32', 'ATK0092', '1', 'Update/18/02/16', 2, NULL),
(112, '000000000112', '2016-02-18 10:43:25', 'ATK0093', '1', 'Update/18/02/16', 3, NULL),
(113, '000000000113', '2016-02-23 10:46:11', 'ATK0093', '2', 'Permintaan Yudo / Print data debitur', 3, NULL),
(114, '000000000114', '2016-02-23 10:47:03', 'ATK0092', '2', 'Permintaan Yudo / Print data debitur', 2, NULL),
(115, '000000000115', '2016-02-18 10:50:04', 'ATK0085', '2', 'Permintaan Via', 15, NULL),
(116, '000000000116', '2016-02-22 10:50:48', 'ATK0085', '2', 'Permintaan Via', 10, NULL),
(117, '000000000117', '2016-02-22 10:51:28', 'ATK0073', '2', 'Permintaan Via', 1, NULL),
(118, '000000000118', '2016-02-18 10:55:07', 'ATK0040', '1', 'Update/18/02/16', 1, NULL),
(119, '000000000119', '2016-02-22 10:55:41', 'ATK0040', '2', 'Permintaan Firda', 1, NULL),
(120, '000000000120', '2016-02-23 10:56:36', 'ATK0063', '2', 'Permintaan Firda', 46, NULL),
(121, '000000000121', '2016-02-18 10:57:32', 'ATK0071', '1', 'Update/18/02/16', 1, NULL),
(122, '000000000122', '2016-02-23 10:57:58', 'ATK0071', '2', 'Permintaan Firda', 1, NULL),
(123, '000000000123', '2016-02-25 02:50:35', 'ATK0092', '1', 'Pembelian 25/02/15 ', 4, NULL),
(124, '000000000124', '2016-02-25 02:51:51', 'ATK0092', '2', 'Permintaan Machrus', 2, NULL),
(125, '000000000125', '2016-02-18 02:16:15', 'CTK0001', '1', 'Update 18/02/16', 18, NULL),
(126, '000000000126', '2016-02-18 02:17:35', 'CTK0002', '1', 'Update 18/02/16', 34, NULL),
(127, '000000000127', '2016-02-18 02:18:19', 'CTK0003', '1', 'Update 18/02/16', 19, NULL),
(128, '000000000128', '2016-02-18 02:19:02', 'CTK0004', '1', 'Update 18/02/16', 50, NULL),
(129, '000000000129', '2016-02-18 02:19:44', 'CTK0005', '1', 'Update 18/02/16', 43, NULL),
(130, '000000000130', '2016-02-18 02:20:40', 'CTK0006', '1', 'Update 18/02/16', 36, NULL),
(131, '000000000131', '2016-02-18 02:21:54', 'CTK0007', '1', 'Update 18/02/16', 8, NULL),
(132, '000000000132', '2016-02-18 02:22:30', 'CTK0008', '1', 'Update 18/02/16', 20, NULL),
(133, '000000000133', '2016-02-18 02:23:00', 'CTK0009', '1', 'Update 18/02/16', 20, NULL),
(134, '000000000134', '2016-02-18 02:23:35', 'CTK0010', '1', 'Update 18/02/16', 30, NULL),
(135, '000000000135', '2016-02-18 02:24:03', 'CTK0011', '1', 'Update 18/02/16', 18, NULL),
(136, '000000000136', '2016-02-18 02:24:48', 'CTK0012', '1', 'Update 18/02/16', 780, NULL),
(137, '000000000137', '2016-02-18 02:25:29', 'CTK0013', '1', 'Update 18/02/16', 27, NULL),
(138, '000000000138', '2016-02-18 02:26:01', 'CTK0014', '1', 'Update 18/02/16', 19, NULL),
(139, '000000000139', '2016-02-18 02:26:29', 'CTK0015', '1', 'Update 18/02/16', 24, NULL),
(140, '000000000140', '2016-02-18 02:27:05', 'CTK0016', '1', 'Update 18/02/16', 9, NULL),
(141, '000000000141', '2016-02-18 02:27:44', 'CTK0017', '1', 'Update 18/02/16', 78, NULL),
(142, '000000000142', '2016-02-18 02:28:24', 'CTK0018', '1', 'Update 18/02/16', 20, NULL),
(143, '000000000143', '2016-02-18 02:29:09', 'CTK0019', '1', 'Update 18/02/16', 35, NULL),
(144, '000000000144', '2016-02-18 02:29:36', 'CTK0020', '1', 'Update 18/02/16', 104, NULL),
(145, '000000000145', '2016-02-18 02:30:03', 'CTK0021', '1', 'Update 18/02/16', 65, NULL),
(149, '000000000149', '2016-02-19 02:36:58', 'CTK0004', '2', 'Permintaan Via', 2, NULL),
(148, '000000000146', '2016-02-18 02:36:28', 'CTK0004', '2', 'Permintaan Farah', 2, NULL),
(150, '000000000150', '2016-02-22 02:38:22', 'CTK0013', '2', 'Permintaan Yono', 2, NULL),
(151, '000000000151', '2016-02-22 02:40:45', 'CTK0017', '2', 'Cab. JKT ( 1400042301-1400042500 )', 2, NULL),
(152, '000000000152', '2016-02-23 02:43:31', 'CTK0017', '2', 'Cab. MKS ( 1400042501-1400042700 )', 2, NULL),
(153, '000000000153', '2016-02-24 02:46:33', 'CTK0004', '1', 'Pembelian 24/02/16', 100, NULL),
(154, '000000000154', '2016-02-25 02:47:08', 'CTK0004', '2', 'Permintaan Farah', 2, NULL),
(155, '000000000155', '2016-02-18 03:24:51', 'ATK0118', '1', 'Update 18/02/16', 3, NULL),
(156, '000000000156', '2016-02-18 03:25:39', 'ATK0119', '1', 'Update 18/02/16', 57, NULL),
(157, '000000000157', '2016-02-26 03:30:41', 'ATK0025', '2', 'Permintaan Fitri u/ P'' Hidi', 1, NULL),
(158, '000000000158', '2016-03-01 11:00:14', 'ATK0050', '2', 'Permintaan Yono', 1, NULL),
(159, '000000000159', '2016-02-18 11:03:21', 'ATK0120', '1', 'Update 18/02/16', 2, NULL),
(160, '000000000160', '2016-03-01 11:05:23', 'ATK0120', '2', 'Permintaan Yono', 1, NULL),
(161, '000000000161', '2016-03-01 02:02:06', 'CTK0004', '2', 'Permintaan Okta', 6, NULL),
(162, '000000000162', '2016-03-01 02:03:22', 'ATK0049', '2', 'Permintaan Okta', 2, NULL),
(163, '000000000163', '2016-03-01 02:03:49', 'CTK0010', '2', 'Permintaan Okta', 1, NULL),
(164, '000000000164', '2016-03-01 02:04:23', 'ATK0050', '1', 'Permintaan Okta', 1, NULL),
(165, '000000000165', '2016-03-02 03:04:28', 'CTK0003', '2', 'Permintaan cab. Karawang', 2, NULL),
(167, '000000000167', '2016-03-02 03:06:09', 'CTK0001', '2', 'Permintaan cab. Karawang', 2, NULL),
(168, '000000000168', '2016-03-03 09:56:56', 'CTK0002', '2', 'Permintan Firda', 5, NULL),
(169, '000000000169', '2016-03-03 10:02:30', 'CTK0004', '2', 'Permintan Firda', 5, NULL),
(170, '000000000170', '2016-03-03 10:02:54', 'CTK0013', '2', 'Permintan Firda', 5, NULL),
(171, '000000000171', '2016-03-03 10:03:16', 'ATK0049', '1', 'Permintan Firda', 2, NULL),
(172, '000000000172', '2016-02-18 10:13:18', 'CTK0022', '1', 'Update 18/02/16', 43, NULL),
(173, '000000000173', '2016-03-02 10:14:08', 'CTK0022', '2', 'Permintaan cab. Karawang', 2, NULL),
(174, '000000000174', '2016-03-04 09:29:53', 'ATK0004', '2', 'okkkkk', 1, NULL),
(175, '000000000175', '2016-03-10 10:19:53', 'ATK0081', '2', 'Permintaan umi (Accounting)', 1, NULL),
(176, '000000000176', '2016-02-04 10:50:23', 'ATK0010', '2', 'Permintaan machrus (Audit/IT)', 2, NULL),
(177, '000000000177', '2016-03-10 10:50:36', 'ATK0004', '2', 'Permintaan trah (Audit/IT)', 1, NULL),
(178, '000000000178', '2016-03-07 10:50:39', 'ATK0023', '2', 'Permintaan machrus (Audit/IT)', 1, NULL),
(181, '000000000181', '2016-03-23 14:19:22', 'ATK0023', '2', 'Permintaan machrus (Audit/IT)', 1, NULL),
(180, '000000000180', '2016-03-10 13:59:23', 'ATK0057', '2', 'Permintaan admin (Audit/IT)', 1, NULL),
(184, '000000000184', '2016-04-04 13:28:22', 'ATK0010', '2', 'Permintaan Oki (Finance)', 1, '15'),
(185, '000000000185', '2016-04-04 13:29:32', 'ATK0051', '2', 'Permintaan Oki (Finance)', 1, '19'),
(186, '000000000186', '2016-04-04 13:35:10', 'ATK0007', '2', 'Permintaan Oki (Finance)', 1, '18'),
(187, '000000000187', '2016-04-04 13:35:11', 'ATK0002', '2', 'Permintaan Oki (Finance)', 1, '17'),
(188, '000000000188', '2016-04-04 13:35:13', 'ATK0001', '2', 'Permintaan Oki (Finance)', 1, '16'),
(189, '000000000189', '2016-04-04 01:50:14', 'ATK0007', '2', 'permintaan saya sendiri', 1, '-'),
(191, '000000000191', '2016-04-04 01:53:33', 'ATK0002', '2', 'ccc', 1, '-');

-- --------------------------------------------------------

--
-- Struktur dari tabel `pemohon`
--

CREATE TABLE `pemohon` (
  `x` int(4) UNSIGNED NOT NULL,
  `user_id` char(4) NOT NULL,
  `nama` varchar(100) NOT NULL,
  `departemen` varchar(200) NOT NULL,
  `keterangan` varchar(255) NOT NULL
) ENGINE=MyISAM DEFAULT CHARSET=utf8;

--
-- Dumping data untuk tabel `pemohon`
--

INSERT INTO `pemohon` (`x`, `user_id`, `nama`, `departemen`, `keterangan`) VALUES
(1, '2', 'machrus', '', 'ket'),
(2, '3', 'dc', '', 'ket'),
(3, '4', 'oki', '', 'ket'),
(4, '5', 'ganiar', '', 'Ganiar'),
(5, '6', 'machrus', '1', 'Machrus'),
(6, '7', 'admin', '', 'ket'),
(7, '8', 'indra2', '', 'ket'),
(8, '9', 'ganiar', '4', 'Ganiar'),
(9, '10', 'joko', '', 'ket'),
(10, '11', 'merry', '', 'ket'),
(11, '15', 'dc', '', 'ket'),
(12, '16', 'finance', '', 'ket'),
(13, '17', 'merry', '', 'ket'),
(14, '18', 'resty', '', 'ket'),
(15, '19', 'farah', '3', 'Farah'),
(16, '20', 'wahyu', '', 'ket'),
(17, '23', 'custodian', '', 'ket'),
(18, '25', 'oki', '3', 'Oki'),
(19, '26', 'oki', '', 'ket'),
(20, '27', 'amoy', '4', 'Santi'),
(21, '28', 'joko', '', 'ket'),
(22, '29', 'admin', '', 'ket'),
(23, '30', 'asuransi', '', 'ket'),
(24, '31', 'custodian', '', 'ket'),
(25, '32', 'finance', '', 'ket'),
(26, '34', 'ratna', '7', 'Ratna'),
(27, '35', 'susiloxx', '', 'ket'),
(28, '36', 'yono', '2', 'Yono'),
(29, '37', 'firda', '2', 'Firda'),
(30, '38', 'yuni', '', 'ket'),
(31, '39', 'dewi', '', 'ket'),
(32, '40', 'accounting', '', 'ket'),
(33, '41', 'firda', '2', 'Firda'),
(34, '42', 'ratna', '7', 'Ratna'),
(35, '43', 'susiloxx', '', 'ket'),
(36, '44', 'yono', '2', 'Yono'),
(37, '45', 'yuni', '', 'ket'),
(38, '46', 'dcc', '', 'ket'),
(39, '47', 'trah', '1', 'Yudo'),
(40, '48', 'dc', '', 'ket'),
(41, '49', 'teller', '', 'ket'),
(42, '50', 'yayan', '', 'ket'),
(43, '52', 'opr', '', 'ket'),
(44, '53', 'dc', '', 'ket'),
(45, '54', 'machrus', '', 'ket'),
(46, '55', 'yudo_op', '', 'ket'),
(47, '56', 'cr-03', '', 'ket'),
(48, '57', 'cs-03', '', 'ket'),
(49, '58', 'opr-03', '', 'ket'),
(50, '59', 'cr', '', 'ket'),
(51, '60', 'cs-11', '', 'ket'),
(52, '61', 'opr-14', '', 'ket'),
(53, '62', 'cr-06', '', 'ket'),
(54, '63', 'cs-06', '', 'ket'),
(55, '64', 'opr-06', '', 'ket'),
(56, '65', 'cr-09', '', 'ket'),
(57, '66', 'cs-09', '', 'ket'),
(58, '67', 'opr-09', '', 'ket'),
(59, '68', 'yudo', '', 'ket'),
(60, '69', 'yudo_cs_03', '', 'ket'),
(61, '70', 'pku_cr', '', 'ket'),
(62, '71', 'pku_cs', '', 'ket'),
(63, '72', 'pku_opr', '', 'ket'),
(64, '73', 'custodion', '', 'ket'),
(65, '74', 'naya', '', 'ket'),
(66, '75', 'indra', '', 'ket'),
(67, '76', 'operation', '', 'ket'),
(68, '78', 'indra-cst', '4', 'Indrayana'),
(69, '79', 'coll', '', 'ket'),
(70, '80', 'fin', '', 'ket'),
(71, '81', 'acc', '', 'ket'),
(72, '82', 'it', '', 'ket'),
(73, '83', 'lc', '', 'ket'),
(74, '84', 'norton', '', 'ket'),
(75, '85', 'cs', '', 'ket'),
(76, '86', 'ole', '4', 'Olle'),
(77, '88', 'amoy', '4', 'Santi'),
(78, '89', 'hendri', '', 'ket'),
(79, '90', 'tl-14', '', 'ket'),
(80, '91', 'tl-02', '', 'ket'),
(81, '92', 'selvi', '', 'ket'),
(82, '93', 'selvi', '', 'ket'),
(83, '94', 'machrus', '', 'ket'),
(84, '96', 'umi', '2', 'Umi'),
(85, '97', 'umi', '', 'ket'),
(86, '98', 'ga', '5', 'GA'),
(87, '99', 'machrus', '', 'ket'),
(88, '100', 'admin', '', 'ket'),
(89, '102', 'ricky', '', 'ket'),
(90, '103', 'yogi', '', 'ket'),
(91, '104', 'yogi', '3', 'Yogi'),
(92, '105', 'yogi', '', 'ket'),
(93, '106', 'yogi', '', 'ket'),
(94, '108', 'gustaf', '4', 'Gustaf'),
(95, '110', 'yono', '2', 'Yono'),
(96, '113', 'admin', '', 'ket'),
(97, '114', 'dc', '', 'ket'),
(98, '115', 'fahmi', '4', 'Fahmi'),
(99, '117', 'ricky', '', 'ket'),
(100, '118', 'ricky', '', 'ket'),
(101, '119', 'dc', '', 'ket'),
(102, '120', 'farah', '3', 'Farah'),
(103, '121', 'dc', '', 'ket'),
(104, '123', 'viabank', '3', 'Via'),
(105, '124', 'viafinance', '', 'ket'),
(106, '125', 'viaasr', '', 'ket'),
(107, '126', 'accounting', '', 'ket'),
(108, '127', 'umi', '', 'ket'),
(109, '128', 'remedial', '', 'ket'),
(110, '129', 'dc', '', 'ket'),
(111, '131', 'umi', '', 'ket'),
(112, '132', 'indra', '', 'ket'),
(113, '133', 'it', '', 'ket'),
(114, '134', 'dc', '', 'ket'),
(115, '135', 'dc', '', 'ket'),
(116, '136', 'umi', '', 'ket'),
(117, '139', 'alam', '', 'ket'),
(118, '141', 'yogi', '', 'ket'),
(119, '143', 'indra', '', 'ket'),
(120, '144', 'indra', '', 'ket'),
(121, '145', 'dewi', '', 'ket'),
(122, '149', 'machrus', '', 'ket'),
(123, '150', 'admin', '', 'ket'),
(124, '156', 'collection', '', 'ket'),
(125, '157', 'umi', '', 'ket'),
(126, '159', 'topo', '', 'ket'),
(127, '160', 'nani', '', 'ket'),
(128, '162', 'isak', '', 'ket'),
(129, '164', 'isak', '', 'ket'),
(130, '165', 'gustaf', '4', 'Gustaf'),
(131, '166', 'collbjo', '', 'ket'),
(132, '167', 'colltgr', '', 'ket'),
(133, '168', 'abhi', '', 'ket'),
(134, '169', 'Isak', '', 'ket'),
(135, '170', 'Isak', '', 'ket'),
(136, '172', 'deddy', '', 'ket'),
(137, '173', 'wahyudin', '', 'ket'),
(138, '174', 'handy', '', 'ket'),
(139, '175', 'topo', '', 'ket'),
(140, '176', 'migwan', '', 'Migwan'),
(141, '177', 'adhy', '', 'ket'),
(142, '178', 'okta', '3', 'Rina'),
(143, '179', 'novia', '', 'ket'),
(144, '180', 'machrus', '', 'ket'),
(145, '181', 'nirzam', '', 'ket'),
(146, '182', 'indra-cst', '', 'ket'),
(147, '183', 'molyna', '', 'ket'),
(148, '184', 'molyna', '', 'ket'),
(149, '185', 'riza', '', 'ket'),
(150, '186', 'dc', '', 'ket'),
(151, '187', 'dc', '', 'ket'),
(152, '188', 'machrus', '', 'ket'),
(153, '189', 'it', '', 'ket'),
(154, '190', 'dc', '', 'ket'),
(155, '191', 'bkl', '', 'ket'),
(156, '192', 'hidiarto', '2', 'Hidiarto'),
(157, '193', 'akunting', '', 'ket'),
(158, '194', 'roy', '2', 'Roy'),
(159, '195', 'Dedi', '1', 'Dedi R');

-- --------------------------------------------------------

--
-- Struktur dari tabel `permintaan`
--

CREATE TABLE `permintaan` (
  `x` int(15) UNSIGNED NOT NULL,
  `kodepm` varchar(15) NOT NULL,
  `tgl` datetime NOT NULL,
  `departemen` varchar(200) NOT NULL,
  `user_id` char(4) NOT NULL,
  `nama` varchar(100) NOT NULL,
  `klasifikasi` char(1) NOT NULL,
  `tgl_butuh` date NOT NULL,
  `user_approve` char(4) NOT NULL,
  `approve` char(1) NOT NULL,
  `dilihat` char(1) NOT NULL,
  `dilihat_user_approve` char(1) NOT NULL
) ENGINE=MyISAM DEFAULT CHARSET=utf8;

--
-- Dumping data untuk tabel `permintaan`
--

INSERT INTO `permintaan` (`x`, `kodepm`, `tgl`, `departemen`, `user_id`, `nama`, `klasifikasi`, `tgl_butuh`, `user_approve`, `approve`, `dilihat`, `dilihat_user_approve`) VALUES
(1, '56f9e7323fc52', '2016-03-29 08:59:50', 'Audit/IT', '195', 'Dedi', '1', '2016-03-29', '6', '1', '1', '0'),
(2, '56fb3862de762', '2016-03-28 14:49:53', 'Finance', '25', 'oki', '0', '2016-03-28', '104', '1', '1', '0'),
(3, '56f9e4539ca42', '2016-03-29 09:00:50', 'Audit/IT', '195', 'Dedi', '1', '2016-03-29', '6', '1', '1', '0'),
(4, '56fb3b5c2eae2', '2016-03-30 09:34:00', 'Finance', '123', 'viabank', '1', '2016-03-30', '104', '1', '1', '0'),
(5, '56fb7d46d7872', '2016-03-30 13:57:53', 'Accounting', '41', 'firda', '0', '2016-03-30', '96', '1', '1', '0'),
(6, '56fcab3aed992', '2016-03-31 11:40:35', 'Finance', '25', 'oki', '0', '2016-03-31', '104', '1', '1', '0'),
(7, '5742ae052c59b', '2016-05-23 14:10:15', 'Finance', '104', 'Yogi', '0', '2016-05-23', '104', '1', '0', '0');

-- --------------------------------------------------------

--
-- Struktur dari tabel `permintaan_ori`
--

CREATE TABLE `permintaan_ori` (
  `x` int(15) UNSIGNED NOT NULL,
  `kodepm` varchar(15) NOT NULL,
  `tgl` datetime NOT NULL,
  `departemen` varchar(200) NOT NULL,
  `user_id` char(4) NOT NULL,
  `nama` varchar(100) NOT NULL,
  `klasifikasi` char(1) NOT NULL,
  `tgl_butuh` date NOT NULL,
  `user_approve` char(4) NOT NULL,
  `approve` char(1) NOT NULL,
  `dilihat` char(1) NOT NULL,
  `dilihat_user_approve` char(1) NOT NULL
) ENGINE=MyISAM DEFAULT CHARSET=utf8;

--
-- Dumping data untuk tabel `permintaan_ori`
--

INSERT INTO `permintaan_ori` (`x`, `kodepm`, `tgl`, `departemen`, `user_id`, `nama`, `klasifikasi`, `tgl_butuh`, `user_approve`, `approve`, `dilihat`, `dilihat_user_approve`) VALUES
(5, '56f9e7323fc52', '2016-03-29 08:59:50', 'Audit/IT', '195', 'Dedi', '1', '2016-03-29', '6', '1', '1', '0'),
(4, '56fb3862de762', '2016-03-28 14:49:53', 'Finance', '25', 'oki', '0', '2016-03-28', '104', '1', '0', '0'),
(6, '56f9e4539ca42', '2016-03-29 09:00:50', 'Audit/IT', '195', 'Dedi', '1', '2016-03-29', '6', '1', '1', '0'),
(7, '56fb3b5c2eae2', '2016-03-30 09:34:00', 'Finance', '123', 'viabank', '1', '2016-03-30', '104', '1', '1', '0'),
(8, '56fb7d46d7872', '2016-03-30 13:57:53', 'Accounting', '41', 'firda', '0', '2016-03-30', '96', '1', '1', '0');

-- --------------------------------------------------------

--
-- Struktur dari tabel `rinci_permintaan`
--

CREATE TABLE `rinci_permintaan` (
  `x` int(15) UNSIGNED NOT NULL,
  `idx` varchar(15) NOT NULL,
  `kodepm` varchar(15) NOT NULL,
  `user_id` char(4) NOT NULL,
  `tgl` datetime NOT NULL,
  `kodebrg` varchar(7) NOT NULL,
  `namabrg` varchar(255) NOT NULL,
  `jml` int(4) NOT NULL,
  `sudah` char(1) NOT NULL
) ENGINE=MyISAM DEFAULT CHARSET=utf8;

--
-- Dumping data untuk tabel `rinci_permintaan`
--

INSERT INTO `rinci_permintaan` (`x`, `idx`, `kodepm`, `user_id`, `tgl`, `kodebrg`, `namabrg`, `jml`, `sudah`) VALUES
(1, '1', '56f9e7323fc52', '195', '2016-03-29 08:59:50', 'ATK0037', 'Cartridge HP 704 Black', 1, '1'),
(2, '3', '56f9e4539ca42', '195', '2016-03-29 09:00:50', 'ATK0050', 'Kertas A4 70gr', 1, '1'),
(3, '2', '56fb3862de762', '25', '2016-03-28 14:49:53', 'ATK0008', 'Ballpoint Snowman V5 Biru', 1, '1'),
(4, '4', '56fb3b5c2eae2', '123', '2016-03-30 09:34:00', 'ATK0089', 'Reffil Ballpoint V5 Snowman', 3, '1'),
(5, '5', '56fb7d46d7872', '41', '2016-03-30 13:57:53', 'ATK0050', 'Kertas A4 70gr', 1, '1'),
(6, '6', '56fcab3aed992', '25', '2016-03-31 11:40:35', 'ATK0050', 'Kertas A4 70gr', 1, '1'),
(7, '7', '5742ae052c59b', '104', '2016-05-23 14:07:45', 'ATK0006', 'Ballpoint Standart AE9 Biru', 1, '0');

-- --------------------------------------------------------

--
-- Struktur dari tabel `sys_login`
--

CREATE TABLE `sys_login` (
  `user_id` int(11) NOT NULL,
  `user_name` varchar(30) DEFAULT NULL,
  `user_password` varchar(30) DEFAULT NULL,
  `user_apps` enum('bmas','opr','cs','tl','svr','coll','admin','asr','cst','bank','bl','bpkb','insr','fin','acc','mis','ga','hrd','bm','remed','ga_sls','insentif') DEFAULT NULL,
  `user_ip` varchar(20) DEFAULT NULL,
  `kode_cabang` varchar(5) DEFAULT NULL,
  `group_user_id` int(11) DEFAULT NULL,
  `kode_outlet` char(2) DEFAULT '00',
  `level_id` char(2) DEFAULT NULL
) ENGINE=MyISAM DEFAULT CHARSET=latin1;

--
-- Dumping data untuk tabel `sys_login`
--

INSERT INTO `sys_login` (`user_id`, `user_name`, `user_password`, `user_apps`, `user_ip`, `kode_cabang`, `group_user_id`, `kode_outlet`, `level_id`) VALUES
(8, 'indra2', 'ZGM=', 'coll', '192.168.1.218', '00', 7, '00', '0'),
(7, 'admin', 'ZGM=', 'admin', '192.168.1.41', '00', 1, '00', '0'),
(6, 'machrus', 'ZGM=', 'admin', '192.168.1.34', '00', 1, '00', '0'),
(5, 'ganiar', 'ZGM=', 'asr', '192.168.1.142', '00', 12, '00', '0'),
(4, 'oki', 'ZGM=', 'bpkb', '192.168.1.143', '00', 11, '00', '0'),
(3, 'dc', 'ZGM=', 'bl', '192.168.1.23', '00', 9, '00', '1'),
(2, 'machrus', 'ZGM=', 'bmas', '192.168.1.34', '00', 2, '00', '0'),
(9, 'ganiar', 'ZGM=', 'bmas', '192.168.1.142', '00', 8, '00', '0'),
(10, 'joko', 'ZGM=', 'bmas', '192.168.1.140', '00', 8, '00', '0'),
(11, 'merry', 'ZGM=', 'asr', '192.168.1.17', '00', 12, '00', '0'),
(194, 'roy', 'ZGM=', 'mis', '192.168.1.235', '00', 19, '00', '0'),
(15, 'dc', 'ZGM=', 'bmas', '192.168.1.248', '00', 2, '00', '1'),
(86, 'ole', 'ZGM=', 'bpkb', '192.168.1.144', '00', 11, '00', '0'),
(16, 'finance', 'ZGM=', 'fin', '127.0.0.1', '00', 10, '00', '0'),
(17, 'merry', 'ZGM=', 'fin', '192.168.1.17', '00', 10, '00', '0'),
(18, 'resty', 'ZGM=', 'fin', '192.168.1.19', '00', 10, '00', '0'),
(19, 'farah', 'ZGM=', 'fin', '192.168.1.30', '00', 10, '00', '0'),
(20, 'wahyu', 'ZGM=', 'bpkb', '192.168.1.36', '00', 11, '00', '0'),
(193, 'akunting', 'ZGM=', 'acc', '192.168.1.100', '00', 13, '00', '0'),
(23, 'custodian', 'ZGM=', 'bpkb', '127.0.0.1', '00', 11, '00', '0'),
(192, 'hidiarto', 'ZGM=', 'mis', '192.168.1.234', '00', 19, '00', '0'),
(25, 'oki', 'ZGM=', 'bl', '192.168.1.143', '00', 9, '00', '0'),
(26, 'oki', 'ZGM=', 'asr', '192.168.1.143', '00', 12, '00', '0'),
(27, 'amoy', 'ZGM=', 'asr', '192.168.1.141', '00', 12, '00', '0'),
(28, 'joko', 'ZGM=', 'asr', '192.168.1.140', '00', 12, '00', '0'),
(29, 'admin', 'ZGM=', 'admin', '192.168.1.26', '00', 1, '00', '0'),
(30, 'asuransi', 'ZGM=', 'asr', '192.168.1.26', '00', 12, '00', '0'),
(31, 'custodian', 'ZGM=', 'bpkb', '192.168.1.26', '00', 11, '00', '0'),
(32, 'finance', 'ZGM=', 'fin', '192.168.1.26', '00', 10, '00', '0'),
(34, 'ratna', 'ZGM=', 'acc', '192.168.1.150', '00', 13, '00', '0'),
(35, 'susiloxx', 'ZGM=', 'acc', '192.168.1.21', '00', 13, '00', '0'),
(36, 'yono', 'ZGM=', 'acc', '192.168.1.152', '00', 13, '00', '0'),
(37, 'firda', 'ZGM=', 'acc', '192.168.1.151', '00', 13, '00', '0'),
(38, 'yuni', 'ZGM=', 'acc', '192.168.1.20', '00', 13, '00', '0'),
(39, 'dewi', 'ZGM=', 'bmas', '192.168.1.204', '00', 7, '00', '0'),
(40, 'accounting', 'ZGM=', 'acc', '192.168.1.26', '00', 13, '00', '0'),
(41, 'firda', 'ZGM=', 'bmas', '192.168.1.151', '00', 8, '00', '0'),
(42, 'ratna', 'ZGM=', 'bmas', '192.168.1.150', '00', 7, '00', '0'),
(43, 'susiloxx', 'ZGM=', 'bmas', '192.168.1.21', '00', 7, '00', '0'),
(44, 'yono', 'ZGM=', 'bmas', '192.168.1.152', '00', 7, '00', '0'),
(45, 'yuni', 'ZGM=', 'bmas', '192.168.1.20', '00', 7, '00', '0'),
(46, 'dcc', 'ZGM=', 'bmas', '192.168.1.200', '00', 2, '00', '1'),
(47, 'trah', 'ZGM=', 'admin', '192.168.1.130', '00', 1, '00', '0'),
(48, 'dc', 'ZGM=', 'mis', '192.168.1.39', '00', 19, '00', '0'),
(49, 'teller', 'ZGM=', 'tl', '127.0.0.1', '11', 5, '00', '0'),
(50, 'yayan', 'ZGM=', 'bmas', '192.168.1.130', '00', 8, '00', '0'),
(182, 'indra-cst', 'ZGM=', 'cs', '192.168.1.145', '02', 4, '00', '0'),
(52, 'opr', 'ZGM=', 'opr', '192.168.1.231', '04', 7, '00', '0'),
(53, 'dc', 'ZGM=', 'bmas', '192.168.1.23', '00', 2, '00', '1'),
(54, 'machrus', 'ZGM=', 'bmas', '192.168.1.34', '00', 8, '00', '0'),
(55, 'yudo_op', 'ZGM=', 'bmas', '192.168.1.231', '02', 8, '00', '0'),
(56, 'cr-03', 'ZGM=', 'svr', '192.168.1.56', '03', 3, '00', '0'),
(57, 'cs-03', 'ZGM=', 'cs', '192.168.1.56', '03', 4, '00', '0'),
(58, 'opr-03', 'ZGM=', 'opr', '192.168.1.56', '03', 7, '00', '0'),
(59, 'cr', 'ZGM=', 'svr', '192.168.1.34', '02', 3, '00', '0'),
(60, 'cs-11', 'ZGM=', 'cs', '192.168.1.56', '11', 4, '00', '0'),
(61, 'opr-14', 'ZGM=', 'opr', '192.168.1.56', '14', 7, '00', '0'),
(62, 'cr-06', 'ZGM=', 'svr', '192.168.1.54', '06', 3, '00', '0'),
(63, 'cs-06', 'ZGM=', 'cs', '192.168.1.54', '06', 4, '00', '0'),
(64, 'opr-46', 'ZGM=', 'opr', '192.168.1.54', '06', 7, '00', '0'),
(65, 'cr-09', 'ZGM=', 'svr', '192.168.1.54', '09', 3, '00', '0'),
(66, 'cs-09', 'ZGM=', 'cs', '192.168.1.54', '09', 4, '00', '0'),
(67, 'opr-09', 'ZGM=', 'opr', '192.168.1.54', '09', 7, '00', '0'),
(68, 'yudo', 'ZGM=', 'cs', '192.168.1.231', '02', 4, '00', '0'),
(84, 'norton', 'ZGM=', 'bmas', '192.168.1.167', '00', 7, '00', '0'),
(69, 'yudo_cs_03', 'ZGM=', 'cs', '192.168.1.231', '03', 4, '00', '0'),
(70, 'pku_cr', 'ZGM=', 'svr', '192.168.1.54', '05', 3, '00', '0'),
(71, 'pku_cs', 'ZGM=', 'cs', '192.168.1.54', '05', 4, '00', '0'),
(72, 'pku_opr', 'ZGM=', 'opr', '192.168.1.54', '05', 7, '00', '0'),
(73, 'custodion', 'ZGM=', 'bpkb', '192.168.1.231', '00', 11, '00', '0'),
(74, 'naya', 'ZGM=', 'bmas', '192.168.1.221', '00', 8, '00', '0'),
(75, 'indra', 'ZGM=', 'bmas', '192.168.1.208', '00', 8, '00', '0'),
(76, 'operation', 'ZGM=', 'bmas', '192.168.1.26', '00', 2, '00', '0'),
(78, 'indra-cst', 'ZGM=', 'bpkb', '192.168.1.145', '00', 11, '00', '0'),
(79, 'coll', 'ZGM=', 'coll', '192.168.1.34', '04', 6, '00', '0'),
(80, 'fin', 'ZGM=', 'fin', '192.168.1.34', '00', 10, '00', '0'),
(81, 'acc', 'ZGM=', 'acc', '192.168.1.34', '00', 13, '00', '0'),
(82, 'it', 'ZGM=', 'bl', '192.168.1.34', '00', 9, '00', '0'),
(83, 'lc', 'ZGM=', 'bpkb', '192.168.1.34', '00', 11, '00', '0'),
(85, 'cs', 'ZGM=', 'cs', '192.168.1.40', '00', 4, '00', '0'),
(88, 'amoy', 'ZGM=', 'bmas', '192.168.1.141', '00', 8, '00', '0'),
(89, 'hendri', 'ZGM=', 'ga', '192.168.1.231', '00', 14, '00', '0'),
(90, 'tl-14', 'ZGM=', 'tl', '192.168.1.231', '14', 5, '00', '0'),
(91, 'tl-02', 'ZGM=', 'tl', '192.168.1.130', '02', 5, '00', '0'),
(92, 'selvi', 'ZGM=', 'bmas', '192.168.1.31', '00', 8, '00', '0'),
(93, 'selvi', 'ZGM=', 'acc', '192.168.1.14', '00', 13, '00', '0'),
(94, 'machrus', 'ZGM=', 'acc', '192.168.1.34', '00', 13, '00', '0'),
(186, 'dc', 'ZGM=', 'bmas', '192.168.1.8', '00', 2, '00', '1'),
(96, 'umi', 'ZGM=', 'bmas', '192.168.1.153', '00', 7, '00', '0'),
(97, 'umi', 'ZGM=', 'acc', '192.168.1.153', '00', 13, '00', '0'),
(98, 'ga', 'ZGM=', 'ga', '192.168.1.231', '00', 14, '00', '0'),
(99, 'machrus', 'ZGM=', 'asr', '192.168.1.34', '00', 12, '00', '0'),
(100, 'admin', 'ZGM=', 'coll', '192.168.1.34', '00', 6, '00', '0'),
(165, 'gustaf', 'ZGM=', 'remed', '192.168.1.28', '00', 18, '00', '0'),
(102, 'ricky', 'ZGM=', 'bmas', '192.168.1.161', '00', 8, '00', '0'),
(103, 'yogi', 'ZGM=', 'asr', '192.168.1.33', '00', 12, '00', '0'),
(104, 'yogi', 'ZGM=', 'bl', '192.168.1.33', '00', 16, '00', '0'),
(105, 'yogi', 'ZGM=', 'fin', '192.168.1.33', '00', 10, '00', '0'),
(106, 'yogi', 'ZGM=', 'bmas', '192.168.1.33', '00', 7, '00', '0'),
(181, 'nirzam', 'ZGM=', 'mis', '192.168.1.131', '00', 19, '00', '0'),
(108, 'gustaf', 'ZGM=', 'bmas', '192.168.1.28', '00', 15, '00', '0'),
(110, 'yono', 'ZGM=', 'asr', '192.168.1.152', '00', 12, '00', '0'),
(180, 'machrus', 'ZGM=', 'bmas', '192.168.1.248', '00', 7, '00', '0'),
(179, 'novia', 'ZGM=', 'fin', '192.168.1.32', '00', 10, '00', '0'),
(113, 'admin', 'ZGM=', 'admin', '192.168.1.247', '00', 1, '00', '0'),
(114, 'dc', 'ZGM=', 'bmas', '192.168.1.5', '00', 2, '00', '1'),
(115, 'fahmi', 'ZGM=', 'bpkb', '192.168.1.146', '00', 11, '00', '0'),
(117, 'ricky', 'ZGM=', 'bmas', '192.168.1.241', '00', 8, '00', '0'),
(118, 'ricky', 'ZGM=', 'bmas', '192.168.1.60', '00', 8, '00', '0'),
(119, 'dc', 'ZGM=', 'bmas', '192.168.1.238', '00', 2, '00', '1'),
(120, 'farah', 'ZGM=', 'asr', '192.168.1.30', '00', 12, '00', '0'),
(121, 'dc', 'ZGM=', 'bmas', '192.168.1.219', '00', 2, '00', '1'),
(178, 'okta', 'ZGM=', 'bl', '192.168.1.31', '00', 9, '00', '0'),
(123, 'viabank', 'ZGM=', 'bl', '192.168.1.32', '00', 9, '00', '0'),
(124, 'viafinance', 'ZGM=', 'fin', '192.168.1.32', '00', 10, '00', '0'),
(125, 'viaasr', 'ZGM=', 'asr', '192.168.1.32', '00', 12, '00', '0'),
(126, 'accounting', 'ZGM=', '', '192.168.1.219', '00', 2, '00', '0'),
(127, 'umi', 'ZGM=', 'asr', '192.168.1.153', '00', 12, '00', '0'),
(128, 'remedial', 'ZGM=', 'remed', '192.168.1.231', '00', 18, '00', '0'),
(129, 'dc', 'ZGM=', 'mis', '192.168.1.231', '00', 19, '00', '1'),
(131, 'umi', 'ZGM=', 'fin', '192.168.1.153', '00', 10, '00', '0'),
(132, 'indra', 'ZGM=', 'bmas', '192.168.1.252', '00', 8, '00', '0'),
(133, 'it', 'ZGM=', 'bmas', '192.168.1.185', '00', 2, '00', '0'),
(134, 'dc', 'ZGM=', 'bmas', '192.168.1.185', '00', 2, '00', '1'),
(135, 'dc', 'ZGM=', 'mis', '192.168.1.23', '00', 19, '00', '1'),
(136, 'umi', 'ZGM=', 'mis', '192.168.1.153', '00', 19, '00', '1'),
(185, 'riza', 'ZGM=', 'mis', '192.168.1.41', '00', 19, '00', '0'),
(139, 'alam', 'ZGM=', 'mis', '192.168.1.10', '00', 19, '00', '0'),
(187, 'dc', 'ZGM=', 'mis', '192.168.1.8', '00', 19, '00', '1'),
(141, 'yogi', 'ZGM=', 'mis', '192.168.1.33', '00', 19, '00', '0'),
(190, 'dc', 'ZGM=', 'svr', '192.168.1.26', '00', 3, '00', '0'),
(143, 'indra', 'ZGM=', 'mis', '192.168.1.166', '00', 19, '00', '0'),
(144, 'indra', 'ZGM=', 'mis', '192.168.1.244', '00', 19, '00', '0'),
(145, 'dewi', 'ZGM=', 'mis', '192.168.1.204', '00', 19, '00', '0'),
(189, 'it', 'ZGM=', 'mis', '192.168.1.102', '00', 19, '00', '0'),
(166, 'collbjo', 'ZGM=', 'coll', '192.168.1.34', '14', 6, '00', '0'),
(184, 'molyna', 'ZGM=', 'asr', '192.168.1.147', '00', 12, '00', '0'),
(149, 'machrus', 'ZGM=', 'mis', '192.168.1.34', '00', 19, '00', '0'),
(150, 'admin', 'ZGM=', 'admin', '192.168.1.127', '00', 1, '00', '0'),
(156, 'collection', 'ZGM=', 'coll', '192.168.1.60', '00', 6, '00', '0'),
(157, 'umi', 'ZGM=', 'mis', NULL, '00', 0, '00', '0'),
(159, 'topo', 'ZGM=', 'mis', '192.168.1.29', '00', 19, '00', '0'),
(160, 'nani', 'ZGM=', 'mis', '192.168.1.175', '00', 19, '00', '0'),
(162, 'isak', 'ZGM=', 'mis', '192.168.1.28', '00', 19, '00', '0'),
(188, 'machrus', 'ZGM=', 'bmas', '192.168.1.100', '00', 2, '00', '0'),
(164, 'isak', 'ZGM=', 'mis', '192.168.1.6', '00', 19, '00', '0'),
(167, 'colltgr', 'ZGM=', 'coll', '192.168.1.34', '08', 6, '00', '0'),
(168, 'abhi', 'ZGM=', 'mis', '192.168.1.60', '00', 19, '00', '0'),
(169, 'Isak', 'ZGM=', 'remed', '192.168.1.167', '00', 18, '00', '0'),
(170, 'Isak', 'ZGM=', 'mis', '192.168.1.167', '00', 16, '00', '0'),
(191, 'bkl', 'ZGM=', 'bmas', '192.168.1.100', '06', 2, '00', '0'),
(183, 'molyna', 'ZGM=', 'bmas', '192.168.1.147', '00', 8, '00', '0'),
(172, 'deddy', 'ZGM=', 'mis', '192.168.1.171', '00', 19, '00', '0'),
(173, 'wahyudin', 'ZGM=', 'mis', '192.168.1.38', '00', 19, '00', '0'),
(174, 'handy', 'ZGM=', 'mis', '192.168.1.21', '00', 19, '00', '0'),
(175, 'topo', 'ZGM=', 'bl', '192.168.1.29', '00', 9, '00', '0'),
(176, 'migwan', 'ZGM=', 'mis', '192.168.1.78', '00', 19, '00', '0'),
(177, 'adhy', 'ZGM=', 'mis', '192.168.1.179', '00', 19, '00', '0');

-- --------------------------------------------------------

--
-- Struktur dari tabel `tabel_departemen`
--

CREATE TABLE `tabel_departemen` (
  `x` int(3) UNSIGNED NOT NULL,
  `departemen` varchar(200) NOT NULL,
  `user_approve` char(4) NOT NULL,
  `keterangan` varchar(255) NOT NULL
) ENGINE=MyISAM DEFAULT CHARSET=utf8;

--
-- Dumping data untuk tabel `tabel_departemen`
--

INSERT INTO `tabel_departemen` (`x`, `departemen`, `user_approve`, `keterangan`) VALUES
(1, 'Audit/IT', '6', 'Audit/IT'),
(2, 'Accounting', '96', 'Accunting'),
(3, 'Finance', '104', 'Finance'),
(4, 'Operation', '9', 'Operation'),
(5, 'General Affair', '98', 'General Affair'),
(6, 'Legal', '168', 'Legal'),
(7, 'Human Resources Development', '42', 'Human Resources Development'),
(8, 'Marketing', '143', 'Marketing'),
(9, 'Collection', '162', 'Collection'),
(10, 'Sekretaris', '0', 'Sekretaris');

-- --------------------------------------------------------

--
-- Struktur dari tabel `temp_rinci_permintaan`
--

CREATE TABLE `temp_rinci_permintaan` (
  `x` int(15) UNSIGNED NOT NULL,
  `kodepm` varchar(15) NOT NULL,
  `user_id` char(4) NOT NULL,
  `tgl` datetime NOT NULL,
  `kodebrg` varchar(7) NOT NULL,
  `namabrg` varchar(255) NOT NULL,
  `jml` int(4) NOT NULL
) ENGINE=MyISAM DEFAULT CHARSET=utf8;

-- --------------------------------------------------------

--
-- Struktur dari tabel `unite`
--

CREATE TABLE `unite` (
  `x` int(4) UNSIGNED NOT NULL,
  `unite` varchar(10) NOT NULL,
  `keterangan` varchar(255) NOT NULL
) ENGINE=MyISAM DEFAULT CHARSET=utf8;

--
-- Dumping data untuk tabel `unite`
--

INSERT INTO `unite` (`x`, `unite`, `keterangan`) VALUES
(1, 'pack', 'paket'),
(2, 'Pcs', 'Picis/ Buah'),
(3, 'Roll', 'Roll'),
(4, 'rim', 'Rim'),
(5, 'Lbr', 'Lembar'),
(6, 'Buku', 'Buku'),
(7, 'Btl', 'Botol'),
(8, 'Ember', 'asooos');

-- --------------------------------------------------------

--
-- Struktur dari tabel `user`
--

CREATE TABLE `user` (
  `x` int(10) UNSIGNED NOT NULL,
  `u` varchar(20) NOT NULL,
  `p` varchar(50) NOT NULL
) ENGINE=MyISAM DEFAULT CHARSET=utf8;

--
-- Dumping data untuk tabel `user`
--

INSERT INTO `user` (`x`, `u`, `p`) VALUES
(1, 'liiccbc', 'liiccbc'),
(2, '`qu', '`qu');

--
-- Indexes for dumped tables
--

--
-- Indexes for table `barang`
--
ALTER TABLE `barang`
  ADD PRIMARY KEY (`x`),
  ADD KEY `x` (`x`);

--
-- Indexes for table `log_aksi`
--
ALTER TABLE `log_aksi`
  ADD PRIMARY KEY (`n`);

--
-- Indexes for table `log_masuk`
--
ALTER TABLE `log_masuk`
  ADD KEY `x` (`x`);

--
-- Indexes for table `mutasi`
--
ALTER TABLE `mutasi`
  ADD PRIMARY KEY (`x`),
  ADD KEY `x` (`x`);

--
-- Indexes for table `mutasi_ori`
--
ALTER TABLE `mutasi_ori`
  ADD KEY `x` (`x`);

--
-- Indexes for table `pemohon`
--
ALTER TABLE `pemohon`
  ADD KEY `x` (`x`);

--
-- Indexes for table `permintaan`
--
ALTER TABLE `permintaan`
  ADD PRIMARY KEY (`x`),
  ADD KEY `x` (`x`);

--
-- Indexes for table `permintaan_ori`
--
ALTER TABLE `permintaan_ori`
  ADD PRIMARY KEY (`x`),
  ADD KEY `x` (`x`);

--
-- Indexes for table `rinci_permintaan`
--
ALTER TABLE `rinci_permintaan`
  ADD PRIMARY KEY (`x`),
  ADD KEY `x` (`x`);

--
-- Indexes for table `sys_login`
--
ALTER TABLE `sys_login`
  ADD PRIMARY KEY (`user_id`);

--
-- Indexes for table `tabel_departemen`
--
ALTER TABLE `tabel_departemen`
  ADD KEY `x` (`x`);

--
-- Indexes for table `temp_rinci_permintaan`
--
ALTER TABLE `temp_rinci_permintaan`
  ADD KEY `x` (`x`);

--
-- Indexes for table `unite`
--
ALTER TABLE `unite`
  ADD PRIMARY KEY (`x`),
  ADD KEY `x` (`x`);

--
-- Indexes for table `user`
--
ALTER TABLE `user`
  ADD KEY `x` (`x`);

--
-- AUTO_INCREMENT for dumped tables
--

--
-- AUTO_INCREMENT for table `barang`
--
ALTER TABLE `barang`
  MODIFY `x` int(15) UNSIGNED NOT NULL AUTO_INCREMENT, AUTO_INCREMENT=146;
--
-- AUTO_INCREMENT for table `log_aksi`
--
ALTER TABLE `log_aksi`
  MODIFY `n` int(15) UNSIGNED NOT NULL AUTO_INCREMENT, AUTO_INCREMENT=2;
--
-- AUTO_INCREMENT for table `log_masuk`
--
ALTER TABLE `log_masuk`
  MODIFY `x` int(15) UNSIGNED NOT NULL AUTO_INCREMENT, AUTO_INCREMENT=14;
--
-- AUTO_INCREMENT for table `mutasi`
--
ALTER TABLE `mutasi`
  MODIFY `x` int(15) UNSIGNED NOT NULL AUTO_INCREMENT, AUTO_INCREMENT=224;
--
-- AUTO_INCREMENT for table `mutasi_ori`
--
ALTER TABLE `mutasi_ori`
  MODIFY `x` int(15) UNSIGNED NOT NULL AUTO_INCREMENT, AUTO_INCREMENT=192;
--
-- AUTO_INCREMENT for table `pemohon`
--
ALTER TABLE `pemohon`
  MODIFY `x` int(4) UNSIGNED NOT NULL AUTO_INCREMENT, AUTO_INCREMENT=160;
--
-- AUTO_INCREMENT for table `permintaan`
--
ALTER TABLE `permintaan`
  MODIFY `x` int(15) UNSIGNED NOT NULL AUTO_INCREMENT, AUTO_INCREMENT=8;
--
-- AUTO_INCREMENT for table `permintaan_ori`
--
ALTER TABLE `permintaan_ori`
  MODIFY `x` int(15) UNSIGNED NOT NULL AUTO_INCREMENT, AUTO_INCREMENT=20;
--
-- AUTO_INCREMENT for table `rinci_permintaan`
--
ALTER TABLE `rinci_permintaan`
  MODIFY `x` int(15) UNSIGNED NOT NULL AUTO_INCREMENT, AUTO_INCREMENT=8;
--
-- AUTO_INCREMENT for table `sys_login`
--
ALTER TABLE `sys_login`
  MODIFY `user_id` int(11) NOT NULL AUTO_INCREMENT, AUTO_INCREMENT=195;
--
-- AUTO_INCREMENT for table `tabel_departemen`
--
ALTER TABLE `tabel_departemen`
  MODIFY `x` int(3) UNSIGNED NOT NULL AUTO_INCREMENT, AUTO_INCREMENT=11;
--
-- AUTO_INCREMENT for table `temp_rinci_permintaan`
--
ALTER TABLE `temp_rinci_permintaan`
  MODIFY `x` int(15) UNSIGNED NOT NULL AUTO_INCREMENT, AUTO_INCREMENT=5;
--
-- AUTO_INCREMENT for table `unite`
--
ALTER TABLE `unite`
  MODIFY `x` int(4) UNSIGNED NOT NULL AUTO_INCREMENT, AUTO_INCREMENT=9;
--
-- AUTO_INCREMENT for table `user`
--
ALTER TABLE `user`
  MODIFY `x` int(10) UNSIGNED NOT NULL AUTO_INCREMENT, AUTO_INCREMENT=3;
/*!40101 SET CHARACTER_SET_CLIENT=@OLD_CHARACTER_SET_CLIENT */;
/*!40101 SET CHARACTER_SET_RESULTS=@OLD_CHARACTER_SET_RESULTS */;
/*!40101 SET COLLATION_CONNECTION=@OLD_COLLATION_CONNECTION */;
